Category,Count
mtd/fixes-for-6.13-rc5,1
modules-6.13-rc5,1
nfsd-6.13-1,1
preempt,1
Linux 6.13-rc4,1
for-linus,13
kvm-x86-fixes-6.13-rcN,1
KVM: x86,39
KVM: VMX,7
devicetree-fixes-for-6.13-1,1
soc-fixes-6.13-2,1
mm-hotfixes-stable-2024-12-21-12-09,1
staging: gpib,31
kbuild-fixes-v6.13-2,1
bpf-fixes,7
media/v6.13-3,1
pci-v6.13-fixes-2,1
pm-6.13-rc4,1
thermal-6.13-rc4,1
acpi-6.13-rc4,1
6.13-rc3-SMB3-client-fixes,1
nfs-for-6.13-2,1
ceph-for-6.13-rc4,1
modpost,20
kbuild: deb-pkg,7
kbuild,28
selftests/bpf,83
bpf,79
arm64-fixes,6
tcp_bpf,4
skmsg,1
hwmon-for-v6.13-rc4,1
of,6
block-6.13-20241220,1
io_uring-6.13-20241220,1
usb-6.13-rc4,1
spi-fix-v6.13-rc3,1
regulator-fix-v6.13-rc3,1
drm-fixes-2024-12-20,1
trace-ringbuffer-v6.13-rc3,1
arm-soc/for-6.13/devicetree-arm64-fixes,1
riscv-soc-fixes-for-v6.13-rc4,1
nfsd,20
arm64/signal,1
amd-drm-fixes-6.13-2024-12-18,1
KVM: x86/mmu,46
KVM: SVM,3
drm-misc-fixes-2024-12-19,1
io_uring,40
smb,7
net-6.13-rc4,1
mmc-v6.13-rc2,1
pwm/for-6.13-rc4-fixes,1
v6.13-rc3-ksmbd-server-fixes,1
PCI/bwctrl,3
PCI,24
io_uring/register,2
smb: client,21
drm/sched,6
accel/ivpu,15
thunderbolt-for-v6.13-rc4,1
regulator,2
net: mctp,2
net: mdiobus,1
drm-intel-fixes-2024-12-18,1
nf-24-12-19,1
octeontx2-pf,23
psample,1
netdev-genl,3
net: dsa,22
Merge branch '200GbE' of git,1
selftests: openvswitch,1
mm: huge_memory,3
alloc_tag,7
mm/codetag,5
mm/vmstat,2
mm,69
nilfs2,19
vmalloc,1
mm/page_alloc,4
fork,3
zram,14
mm: shmem,9
ocfs2,11
"ocfs2: revert ""ocfs2",1
mailmap,4
selftests/memfd,1
docs/mm,1
linux-can-fixes-for-6.13-20241218,1
net: usb,8
net: phy,30
netfilter: ipset,3
ipvs,2
for-6.13-rc3-tag,1
cxl-fixes-6.13-rc4,1
drm/amdgpu/nbio7.0,1
drm/amd,9
selinux-pr-20241217,1
ACPI: EC,3
trace/ring-buffer,1
ring-buffer,5
trace-v6.13-rc3,1
drm/amdgpu,102
drm/amdgpu/smu14.0.2,1
drm/amdgpu/gfx12,1
drm/amdgpu/mmhub4.1,1
drm/amdgpu/nbio7.11,1
drm/amdgpu/nbio7.7,1
hyperv-fixes-signed-20241217,1
x86/static-call,2
spi: rockchip-sfc,2
amd-pstate-v6.13-2024-12-11,1
block,74
"block: Revert ""block",1
nvme,14
block/bdev,1
thermal/thresholds,2
pwm: stm32,1
"Merge patch series ""can: m_can",1
can: m_can,4
rtnetlink,30
net: netdevsim,1
hexagon,3
idpf,5
NFSD,21
arm64: dts,295
btrfs: tree-checker,1
btrfs,127
drm,5
ftrace-v6.13-rc3,1
s390-6.13-3,1
drm/fbdev,2
fbdev,1
erofs-for-6.13-rc4-fixes,1
hardening-v6.13-rc4,1
tracing,26
xsa465+xsa466-6.13-tag,1
fs/nfs,1
NFS/pnfs,1
"nfsd: Revert ""nfsd",1
qed,1
net: ethernet,8
Merge branch 'fixes-on-the-open-alliance-tc6-10base-t1x-mac-phy-support-generic-lib',1
usb: xhci,21
xhci,13
i915/guc,3
rust: net,1
x86/xen,5
net: hinic,1
team,3
chelsio/chtls,1
Merge branch 'netdev-fix-repeated-netlink-messages-in-queue-dumps',1
selftests: net-drv,2
selftests: net,15
netdev,2
fortify,1
hwmon,40
ceph,17
ftrace,8
fgraph,7
soc-fixes-6.13,1
platform-drivers-x86-v6.13-3,1
usb-serial-6.13-rc3,1
erofs,19
thunderbolt,8
ksmbd,21
selinux,2
Linux 6.13-rc3,1
arc-6.13-fixes,1
efi-fixes-for-v6.13-1,1
i2c-for-6.13-rc3,1
net: renesas,7
s390/mm,13
Merge branch 'ionic-minor-code-fixes',1
ionic,3
tools/net/ynl,3
netdevsim,3
net: mscc,7
edac_urgent_for_v6.13_rc3,1
irq_urgent_for_v6.13_rc3,1
sched_urgent_for_v6.13_rc3-p2,1
Merge branch 'smc-fixes',1
net/smc,11
scsi-fixes,5
usb-6.13-rc3,1
tty-6.13-rc3,1
staging-6.13-rc3,1
v6.13-p2,1
rust-fixes-6.13,1
iommu-fixes-v6.13-rc2,1
ata-6.13-rc3,1
i2c-host-fixes-6.13-rc3,1
net: tun,1
6.13-rc2-smb3-client-fixes,1
spi-fix-v6.13-rc2,1
regulator-fix-v6.13-rc2,1
drm-fixes-2024-12-14,1
pm-6.13-rc3,1
acpi-6.13-rc3,1
Merge branch 'explicit-raw_tp-null-arguments',1
"bpf: Revert ""bpf",1
block-6.13-20241213,1
io_uring-6.13-20241213,1
libnvdimm-fixes-6.13-rc3,1
ARC: build,3
xfs-fixes-6.13-rc3,1
riscv-for-linus-6.13-rc3,1
drm/modes,1
Merge branch 'acpica',1
kvm-riscv-fixes-6.13-1,1
gpio-fixes-for-v6.13-rc3,1
sound-6.13-rc3,1
docs-6.13-fix,1
slab-for-6.13-rc3,1
irqchip/gic-v3,3
irqchip/gic,1
drm/display,1
media: mediatek,1
blk-mq,6
mq-deadline,2
kselftest/arm64: abi,1
iommu/vt-d,31
arm64: signal,4
ffa-fix-6.13,1
sched/dlserver,2
drm/panel: synaptics-r63353,1
drm/panel: st7701,1
drm/panel: novatek-nt35950,1
drm/panel: himax-hx83102,1
objtool/x86,1
x86,5
xen/netfront,1
efi/esrt: remove esre_attribute,1
xfs-6.13-fixes_2024-12-12,1
xfs,194
v6.13-rc2-ksmbd-server-fixes,1
perf-tools-fixes-for-v6.13-2024-12-12,1
amd-drm-fixes-6.13-2024-12-11,1
drm-xe-fixes-2024-12-12,1
drm-intel-fixes-2024-12-11,1
Merge branch 'add-missing-size-check-for-btf-based-ctx-access',1
net-6.13-rc3,1
blk-iocost,1
arm-smmu-fixes,1
MAINTAINERS: erofs,1
arm64: stacktrace,2
drm/xe/reg_sr,1
drm/xe,33
for-net-2024-12-12,1
io_uring/rsrc,18
Bluetooth: btmtk,2
Bluetooth: iso,4
Bluetooth: SCO,4
Bluetooth: hci_event,1
Bluetooth: hci_core,6
asoc-fix-v6.12-rc2,1
dma-buf,3
ACPICA: events/evxfregn,1
nf-24-12-11,1
i2c: riic,1
ASoC: Intel,16
bonding,5
"net, team, bonding",1
perf probe,6
net/sched: netem,1
batadv-net-pullrequest-20241210,1
splice,1
Merge branch 'mana-fix-few-memory-leaks-in-mana_gd_setup_irqs',1
net: mana,3
MAINTAINERS,49
udmabuf,3
netfilter: nf_tables,14
netfilter: IDLETIMER,1
selftests: netfilter,7
"Revert ""unicode",1
vfio-v6.13-rc3,1
linux_kselftest-fixes-6.13-rc3,1
EDAC/amd64,1
riscv: mm,1
riscv,25
ASoC: fsl_spdif,1
ASoC: fsl_xcvr,4
libperf: evlist,1
perf test expr,1
selftests/ftrace,1
s390/ipl,2
Bluetooth,7
media: dvb-frontends,1
scripts/kernel-doc,1
platform/x86/intel/vsec,2
platform/x86/intel/ifs,1
platform/x86: touchscreen_dmi,1
ASoC: tas2781,2
USB: serial,11
Merge branch 'net-renesas-rswitch-several-fixes',1
cifs,15
wireless-2024-12-10,1
tcp,6
Documentation: networking,2
bnxt_en,30
clk-fixes-for-linus,2
for-6.13-rc2-tag,1
probes-fixes-v6.13-rc1,1
cxl/region,2
cxl/pci,4
Documentation: PM,1
Merge branch 'bpf-track-changes_pkt_data-property-for-global-functions',1
"bpf,perf",2
ARC: bpf,1
ARC: dts,1
ARC,1
arc,1
of/irq,2
"bpf, sockmap",5
cpufreq/amd-pstate,20
blk-cgroup,1
dm,5
drm/amdkfd,19
i2c: nomadik,5
mmc: mtk-sd,6
mmc: sdhci-tegra,1
i2c: pnx,1
udp,1
p2sb,4
alienware-wmi,12
kvmarm-fixes-6.13-2,1
ASoC: audio-graph-card,2
ASoC: amd,16
openrisc,2
ALSA: control,1
gpio: idio-16,1
v6.13-rc2,1
Merge branch 'virtio_net-correct-netdev_tx_reset_queue-invocation-points',1
virtio_net,15
virtio_ring,6
gpio: graniterapids,7
iommu/amd,21
octeontx2-af,6
memcg: slub,1
crypto,60
scsi: ufs,51
Merge branch 'qca_spi-fix-spi-specific-issues',1
qca_spi,2
cxgb4,1
rust: kbuild,2
iommu/tegra241-cmdqv,4
drm/panic,8
perf test hwmon_pmu,1
perf hwmon_pmu,4
perf ftrace,1
smb3,2
ACPI: resource,2
tools/hv,4
hv/hv_kvp_daemon,1
Drivers: hv,2
drivers: hv,1
tools: hv,2
x86/hyperv,1
locking_urgent_for_v6.13_rc3,1
perf_urgent_for_v6.13_rc3,1
sched_urgent_for_v6.13_rc3,1
futex,3
scmi-fix-6.13,1
juno-fix-6.13,1
Merge branch 'net-sparx5-lan969x-fixes',1
net: sparx5,16
net: lan969x,10
spi: spi-cadence-qspi,1
spi: rockchip,1
spi: aspeed,1
regulator: axp20x,2
regulator: dt-bindings,4
sched/eevdf,1
sched/fair,3
drm/i915,8
drm/i915/color,4
drm/i915/dsb,1
sound: usb,2
efivarfs,1
ALSA: hda/realtek,20
ALSA: hda/ca0132,1
ata: sata_highbank,1
Linux 6.13-rc2,1
kbuild-fixes-v6.13,1
irq_urgent_for_v6.13_rc2,1
timers_urgent_for_v6.13_rc2,1
x86_urgent_for_v6.13_rc2,1
mm-hotfixes-stable-2024-12-07-22-39,1
tracing/eprobe,1
Merge branch 'ocelot-ptp-fixes',1
ip,1
net: stmmac,30
6.13-rc1-smb3-client-fixes,1
block-6.13-20241207,1
io_uring-6.13-20241207,1
ubifs-for-linus-6.13-rc2,1
ALSA: usb-audio,12
headers/cleanup.h,1
net,26
net: lapb,1
Merge branch 'bnxt_en-bug-fixes',2
ptp: kvm,1
Merge branch 'selftests-mlxsw-add-few-fixes-for-sharedbuffer-test',1
selftests: mlxsw,7
fixes-2024-12-06,1
drm-fixes-2024-12-06,1
amd-drm-fixes-6.13-2024-12-04,1
drm-fixes-2024-12-07,1
sound-6.13-rc2,1
regmap-fix-v6.13-rc1,1
spi-fix-v6.13-rc1,1
mmc-v6.13-rc1,1
pmdomain-v6.13-rc1,1
x86/CPU/AMD,3
gpio: ljca,1
Merge branch 'fixes-for-lpm-trie',1
efi/zboot,2
smb3.1.1,1
RISC-V: KVM,16
ALSA,4
ALSA: hda,7
x86/cacheinfo,1
cacheinfo,3
wifi: cfg80211,10
x86/kexec: Restore GDT on return from ,1
tty: serial,4
iio: magnetometer,5
sched/numa,2
mm/damon,2
lib: stackinit,1
mm/filemap,1
scatterlist,2
mm: memcg,1
stackdepot,1
"Revert ""readahead",1
selftests/damon,1
selftest: hugetlb_dio,1
kasan,9
mm/mempolicy,2
mm/gup,4
fs/proc/vmcore.c,1
net/mlx5,34
tipc,2
perf tools,14
audit-pr-20241205,1
for-linus-iommufd,3
drm-misc-fixes-2024-12-05,1
v6.13-rc1-ksmbd-server-fixes,1
drm-xe-fixes-2024-12-04,1
batman-adv,3
drm/amd/pm,26
amdgpu/uvd,1
"Revert ""drm/amdgpu",1
vfio/mlx5,3
net-6.13-rc2,1
trace-v6.13-rc1,1
hid-for-linus-2024120501,1
arm64: ptrace,4
linux-watchdog-6.13-rc1,1
drm/v3d,2
arm64: cpufeature,2
nvme-6.13-2024-12-05,1
asoc-fix-v6.13-rc1,1
virtio-blk,1
firmware: microchip,1
clocksource,1
coco: virt,1
drm/dp_mst,8
x86/cpu/topology,1
ASoC: mediatek,4
x86/mm,4
spi: omap2-mcspi,1
jffs2,6
arm64: mte,2
arm64: Ensure bits ASID[15,1
ACPI/IORT,2
net :mana ,1
nf-24-12-05,1
Merge branch 'vsock-test-fix-wrong-setsockopt-parameters',1
vsock/test,3
mtd: rawnand,9
mtd: diskonchip,1
audit,2
Merge branch '100GbE' of git,3
Merge branch 'mlx5-misc-fixes-2024-12-03',1
net/mlx5e,14
net/mlx5: HWS,2
Merge branch 'bnxt_en-support-header-page-pool-in-queue-api',1
geneve,1
mlxsw: spectrum_acl_flex_keys,1
ethtool,2
ipmr,5
fs/smb/client,4
tools headers,12
acpi: nfit,1
netfilter: nft_set_hash,1
x86/cpu,9
loongarch-fixes-6.13-1,1
platform-drivers-x86-v6.13-2,1
scsi: scsi_debug,2
scsi: storvsc,1
scsi: sg,2
scsi: qla2xxx,6
nvme-tcp,3
nvme-rdma,1
nvme-pci,7
scsi: mpi3mr,5
nvmet,15
nvme-fabrics,2
Merge branch 'fixes-for-stack-with-allow_ptr_leaks',1
scsi: mpt3sas,2
serial: sh-sci,2
usb: typec,20
usb: dwc2,3
usb: gadget,3
usb: misc,3
usb: dwc3,11
usb: core,2
usb: host,1
dt-bindings: phy,7
usb: ehci-hcd,1
gpio,6
spi: intel,1
net: sched,8
firmware: arm_ffa,1
"Revert ""udp",1
KVM: arm64,81
drm-misc-fixes-2024-11-28,1
drm-misc-fixes-2024-11-21,1
clk: en7523,8
bcache,2
samples/bpf,3
netfilter: nft_inner,1
for-6.13-rc1-tag,1
fs_for_v6.13-rc2,1
xfs-fixes-6.13-rc2,1
igb,3
ixgbe,3
ixgbevf,1
ice,17
drivers/virt: pkvm,1
perf machine,1
arm64: patching,1
dt-bindings: mtd,1
iommu/arm-smmu-v3,13
arm64: mm,2
irqchip/stm32mp-exti,2
module,15
doc: module,1
scripts/nsdeps,1
iommufd/selftest,10
iommufd,23
firmware: arm_scmi,11
genirq/proc,2
block: rnull,1
LoongArch: KVM,14
irqchip/bcm2836,1
net: hsr,5
wifi: mac80211,34
wifi: nl80211,2
net/qed,1
Merge branch 'two-fixes-for-smc',1
drm/xe/guc,5
dccp,1
net/ipv6,2
linux-can-fixes-for-6.13-20241202,1
Merge branch 'fix-missing-process_iter_arg-type-check',1
clk: amlogic,2
"Revert ""clk",1
"Revert ""drm/amd/pm",2
drm/amd/display,97
x86/pkeys,2
drm/amdgpu/hdp7.0,1
drm/amdgpu/hdp6.0,1
drm/amdgpu/hdp5.2,1
drm/amdgpu/hdp5.0,1
drm/amdgpu/hdp4.0,1
drm/amdgpu/jpeg1.0,1
perf test,25
Merge branch '6.13/scsi-queue' into 6.13/scsi-fixes,1
platform/x86: asus-nb-wmi,1
platform/x86: asus-wmi,4
platform/x86: samsung-laptop,1
pmdomain: imx,3
pmdomain: core,3
dt-bindings: power,7
mmc: core,8
mmc: sdhci-pci,2
ASoC: SOF,14
locking/ww_mutex,1
perf/x86/intel/ds,1
perf/x86/intel,2
locking: rtmutex,1
sched/deadline,2
sched/core,3
softirq,2
sched,8
can: j1939,2
LoongArch: BPF,2
LoongArch,24
LoongArch/irq,1
spi: apple,3
spi: mpc52xx,1
regmap,4
smb: server,1
Get rid of 'remove_new' relic from platform driver struct,1
Linux 6.13-rc1,1
i2c-for-6.13-rc1-part3,1
trace-printf-v6.13,1
ipv6,3
timers_urgent_for_v6.13_rc1,1
irq_urgent_for_v6.13_rc1,1
x86_urgent_for_v6.13_rc1,1
strscpy,1
arch_numa,1
memblock,2
ALSA: hda/tas2781,3
printf,2
turbostat-2024.11.30,1
pci-v6.13-fixes-1,1
lsm-pr-20241129,1
block-6.13-20242901,1
io_uring-6.13-20242901,1
dma-mapping-6.13-2024-11-30,1
sh-for-v6.13-tag1,1
Merge branch 'bnxt-fix-failure-to-report-rss-context-in-ntuple-rule',1
selftests: drv-net,1
bnxt_en: ethtool,3
docs: net,1
tools/power turbostat,19
kbuild-v6.13,1
net/sched: tbf,1
ptp,2
rtc-6.13,1
uml-for-linus-6.13-rc1,1
ubifs-for-linus-6.13-rc1,1
9p-for-6.13-rc1,1
ceph-for-6.13-rc1,1
nfs-for-6.13-1,1
6.13-rc-part2-smb3-client-fixes,1
6.13-rc-ksmbd-server-fixes,1
PCI/pwrctrl,3
tty-6.13-rc1,1
"Revert ""serial: sh-sci",1
sh: intc,1
sh: cpuinfo,1
ALSA: ump,8
drm-next-2024-11-29,1
sound-fix-6.13-rc1,1
char-misc-6.13-rc1,1
driver-core-6.13-rc1,1
staging-6.13-rc1,1
usb-6.13-rc1,1
modules-6.13-rc1-v2,1
apparmor-pr-2024-11-27,1
s390-6.13-2,1
mips_6.13_1,1
sparc-for-6.13-tag1,1
powerpc-6.13-2,1
tools,2
btrfs: ref-verify,1
brd,2
"block, bfq",1
selftests/hid,1
io_uring/tctx,1
ALSA: sh,1
Merge branch 'enetc-mqprio-fixes',1
net: enetc,14
"Revert ""s390/mm",1
posix-timers,14
delay,1
ALSA: hda/conexant,1
ALSA: seq,1
of: base,2
btrfs: sysfs,1
trace-v6.13-2,1
selftests: find_symbol,1
selftests: kallsyms,3
drm-xe-next-fixes-2024-11-28,1
drm-misc-next-fixes-2024-11-28,1
net-6.13-rc1,1
spi-fix-v6.13-merge-window,1
fs/nfs/io,1
nfs/blocklayout,2
sunrpc,4
SUNRPC,3
nfs,4
regulator-fix-v6.13-merge-window,1
for-v6.13,1
ntfs3_for_6.13,1
exfat-for-6.13-rc1,1
drm/xe/migrate,2
drm/xe/guc_submit,2
asoc-fix-v6.13-merge-window,1
HID: bpf,2
selftests: hid,1
HID: wacom,2
s390/spinlock,5
s390,5
s390/pci,4
s390/mm/hugetlbfs,1
netfilter: nft_socket,1
netfilter: x_tables,1
Documentation: tls_offload,1
Fix spelling mistake,1
ntp,1
HID: i2c-hid,1
Merge branch 'net-fix-mcast-rcu-splats',1
ip6mr,2
selftests: rds,1
dma-debug,4
net_sched: sch_fq,1
for-net-2024-11-26,1
Merge branch 'net-fix-some-callers-of-copy_from_sockptr',1
rxrpc,3
llc,1
gitignore,1
genksyms,1
setlocalversion,2
acpi-6.13-rc1-2,1
pm-6.13-rc1-3,1
thermal-6.13-rc1-3,1
soundwire-6.13-rc1,1
phy-for-6.13,1
dmaengine-6.13-rc1,1
gpio-fixes-for-v6.13-rc1,1
for_linus,3
vfio-v6.13-rc1,1
riscv-for-linus-6.13-mw1,2
loongarch-6.13,1
memblock-v6.13-rc1,1
modules-6.13-rc1,1
Merge branch 'thermal-intel',1
Merge branches 'acpi-misc' and 'acpi-x86',1
Merge branch 'pm-opp',1
kvm-riscv-6.13-2,1
vfs-6.13-rc1.fixes,1
vfs-6.13.exec.deny_write_access.revert,1
dt-bindings,3
of: address,1
of/unittest,1
KVM: s390,13
s390/ap,1
"Revert ""fs",1
i2c,5
platform/chrome,1
i2c: of-prober,2
of: dynamic,1
ALSA: core,1
powerpc/prom_init,1
docs: ABI,3
powerpc/machdep,3
ima,1
apparmor,13
parser,1
Docs,1
apparmor: document capability.c,1
apparmor: test,1
apparmor: domain,1
rpmsg-v6.13,1
rproc-v6.13,1
hwmon-for-v6.13-rc1-take2,1
i3c/for-6.13,1
pci-v6.13-changes,1
amd-drm-fixes-6.13-2024-11-22,1
drm-xe-next-fixes-2024-11-21,1
rust,10
drm-intel-next-fixes-2024-11-21,1
Rename .data.once to .data..once to fix resetting WARN*_ONCE,1
Rename .data.unlikely to .data..unlikely,1
AutoFDO,2
vmlinux.lds.h,2
MIPS,3
perf-tools-for-v6.13-2024-11-24,1
parisc-for-6.13-rc1,1
m68knommu-for-v6.13,1
rust-6.13,1
udf,2
quota,1
docs-6.13-2,1
vfs-6.13.ecryptfs.mount.api,1
vfs-6.13.exportfs,1
vfs-6.13.rust.pid_namespace,1
nfsd-6.13,1
f2fs-for-6.13-rc1,1
fuse-update-6.13,1
gfs2-for-6.13,1
RISC-V,4
irqchip: Switch back to struct platform_driver,1
irqchip/gicv3-its,1
irqchip/irq-mvebu-sei,1
Merge branch 'ovl.fixes',1
fs/backing_file,1
Bluetooth: MGMT,3
arm64,19
ALSA: asihpi,1
drm/sti,1
thermal: sun8i,1
thermal: tegra,1
thermal: qcom-spmi-adc-tm5,1
thermal: of,3
thermal: gov_power_allocator,2
spi,4
spi: atmel-quadspi,1
Merge branch 'octeontx2-af-misc-rpm-fixes',1
octeontx2-af: RPM,4
marvell: pxa168_eth,1
can: mcp251xfd,3
"Merge patch series ""Fix {rx,tx}_errors CAN statistics""",1
LoongArch: dts,2
net: mdio-ipq4019,1
can: f81604,1
can: ems_usb,1
can: sun4i_can,2
can: sja1000,1
can: hi311x,3
can: ifi_canfd,1
can: c_can,2
fs_parser,1
Merge branch 'ipv6-fix-temporary-address-not-removed-correctly',1
selftests/rtnetlink.sh,1
can: gs_usb,1
can: dev,1
Merge branch 'correcting-switch-hardware-versions-and-reported-speeds',1
rtase,5
s390/iucv,1
net/l2tp,1
for-6.13/dm-changes,1
scsi-misc,1
iommu,17
libnvdimm-for-6.13,1
mailbox-v6.13,1
pinctrl-v6.13-1,1
i2c-for-6.13-part2,1
firewire-updates-6.13,1
slab-for-6.13-v2,1
mm-nonmm-stable-2024-11-24-02-05,1
trace-rust-v6.13,1
hardening-v6.13-rc1,1
rtc: ab-eoz9,2
rtc: rzn1,4
bpftool,4
xsk,3
Merge branch 'bpf-fix-oob-accesses-in-map_delete_elem-callbacks',1
Merge branch 'bpf-vsock-fix-poll-and-close',1
selftest/bpf,2
"bpf, vsock: Invoke proto",1
"bpf, vsock",1
"bpf, lsm",1
x86/Documentation,1
fbdev-for-6.13-rc1,1
Merge branch 'pci/typos',1
Merge branch 'pci/misc',1
Merge branch 'pci/controller/vmd',1
Merge branch 'pci/controller/tegra194',1
Merge branch 'pci/controller/rockchip',1
Merge branch 'pci/controller/qcom',1
Merge branch 'pci/controller/microchip',1
Merge branch 'pci/controller/mediatek',1
Merge branch 'pci/controller/keystone',1
Merge branch 'pci/controller/j721e',1
Merge branch 'pci/controller/imx6',1
Merge branch 'pci/controller/dwc',1
Merge branch 'pci/controller/cadence',1
Merge branch 'pci/endpoint',1
Merge branch 'pci/dt-bindings',1
Merge branch 'pci/virtualization',1
Merge branch 'pci/tph',1
Merge branch 'pci/thunderbolt',1
Merge branch 'pci/resource',1
Merge branch 'pci/reset',1
Merge branch 'pci/pwrctl',1
Merge branch 'pci/pm',1
Merge branch 'pci/of',1
Merge branch 'pci/locking',1
Merge branch 'pci/hotplug-octeon',1
Merge branch 'pci/hotplug',1
Merge branch 'pci/enumeration',1
Merge branch 'pci/driver-remove',1
Merge branch 'pci/devm',1
Merge branch 'pci/doe',1
Merge branch 'pci/bwctrl',1
Merge branch 'pci/aspm',1
Update misleading comment in cifs_chan_update_iface,1
PCI: rockchip-ep,12
PCI: rockship-ep,1
perf/arm-cmn,1
perf/arm-smmuv3,1
input-for-v6.13-rc0,1
"Revert ""HID: bpf",1
vfio/pci,1
ALSA: rawmidi,1
of: property,4
fs,15
thermal: int3400,2
ASoC: doc,3
x86/microcode/AMD,3
exfat,10
Merge branch 'next' into for-linus,1
netlink,5
net: microchip,1
tg3,1
selftests,6
rust: alloc,1
docs: rust,1
rust: allow `clippy,1
mailbox: pcc,1
mailbox: Switch back to struct platform_driver,1
mailbox: imx,1
mailbox: arm_mhuv2,1
mailbox: zynqmp,1
dt-bindings: mailbox,5
mailbox,1
mailbox: mtk-cmdq,1
mailbox: ti-msgmgr,2
mailbox: qcom-cpucp,2
mailbox: mtk-cmdq-mailbox,1
mailbox: mpfs,1
i2c: designware,10
dt-bindings: i2c,8
i2c: qup,1
selftests/alsa,1
rcupdate_trace,1
powerpc-6.13-1,1
mm-stable-2024-11-18-19-27,1
f2fs,31
MIPS: Loongson64,1
6.13-rc-part1-SMB3-client-fixes,1
ovl-update-6.13,1
unicode-next-6.13,1
sysctl-6.13-rc1,1
iommu-updates-v6.13,2
thermal-6.13-rc1-2,1
pm-6.13-rc1-2,1
tpmdd-next-6.13-rc1,1
mtd/for-6.13,1
clk-for-linus,1
backlight-next-6.13,1
leds-next-6.13,1
mfd-next-6.13,1
linux_kselftest-kunit-6.13-rc1-fixed,1
perf tests,3
perf tests hwmon_pmu,1
perf/test,1
perf bpf-filter,1
trace-v6.13,1
trace-tools-v6.13,1
trace-ring-buffer-v6.13,1
x86_tdx_for_6.13-rc1,1
x86_misc_for_6.13-rc1,1
x86_sgx_for_6.13-rc1,1
cxl-for-6.13,1
ACPI,2
Merge branch 'pm-cpuidle',1
ACPI: x86,4
"m68k: mvme147, mvme16x",1
docs,5
docs/licensing,1
docs: core-api/gfp_mask-from-fs-io,1
Documentation: kernel-doc,1
Documentation: pwrseq,1
Documentation: filesystems,1
net/9p/usbg,2
9p/xen,2
Fix a potential abuse of seq_printf() format string in drivers,1
gpio: mpsse,2
fs/proc/kcore.c,2
drm/rockchip,1
sched-core-2024-11-18,2
tpm: atmel,1
drm-next-2024-11-21,1
char: tpm,3
tpm: ibmvtpm,1
sound-6.13-rc1,1
i2c-for-6.13-rc1,1
"Revert ""drm/radeon",1
drm/amdgpu/jpeg,1
drm/amdgpu/vcn,1
drm/amdgpu/gmc7,1
dma-mapping-6.13-2024-11-19,1
configfs-6.13-2024-11-19,1
jfs-6.13,1
dlm-6.13,1
nvme-6.13-2024-11-21,1
fsnotify_for_v6.13-rc1,1
reiserfs_delete,1
for_v6.13-rc1,1
xfs-6.13-merge-1,1
erofs-for-6.13-rc1,1
CIFS,1
smb/client,1
net-next-6.13,1
drm/xe/ufence,3
"Revert ""f2fs",1
bpf-next-6.13,1
nand/for-6.13,1
PCI/pwrctl,5
regulator: core,5
io_uring/nop,2
ASoC: apple,1
ASoC: imx-audmix,1
spi-imx,1
KVM: riscv,2
dt-bindings: riscv,5
s390/entry,2
s390/cpum_sf,8
s390/vfio-ap,2
s390/stacktrace,1
s390/debug,1
ALSA: pcm,2
ALSA: docs,3
kvmarm-fixes-6.13-1,1
statmount,4
"Merge patch series ""iomap",1
fscache,1
iomap,7
gpio: exar,1
gpio: altera,2
gpio: zevio,1
"Merge patch series ""scsi: ufs",1
scsi: target,2
scsi: megaraid_sas,1
scsi: lpfc,12
scsi: bfa,3
scsi: message,1
scsi: qla1280,1
Merge branch '6.12/scsi-fixes' into 6.13/scsi-staging,2
soc-arm-6.13,1
soc-defconfig-6.13,1
soc-drivers-6.13,1
soc-dt-6.13,1
asm-generic-3.13,1
microblaze-v6.13,1
ipe-pr-20241119,1
mips: dts,3
seccomp-v6.13-rc1,1
efi-next-for-v6.13,1
platform-drivers-x86-v6.13-1,1
media/v6.13-2,1
media/v6.13-1,1
hid-for-linus-2024111801,1
devicetree-for-6.13,1
auxdisplay-v6.13-1,1
mmc-v6.13,1
pmdomain-v6.13,1
pwrseq-updates-for-v6.13-rc1,1
gpio-updates-for-v6.13-rc1,1
pwm/for-6.13-rc1,1
spi-v6.13,1
tools: PCI,1
regulator-v6.13,1
regmap-v6.13,1
linux_kselftest-next-6.13-rc1,1
kgdb-6.13-rc1,1
ftrace-v6.13,1
rust: jump_label,1
slab,1
sched_ext-for-6.13,1
cgroup-for-6.13,1
wq-for-6.13,1
probes-v6.13,1
livepatching-for-6.13,1
printk-for-6.13,1
docs-6.13,1
drm/radeon,3
drm/amdgpu/pm,1
io_uring/region,2
drm/amd/display: allow chroma 1,1
ALSA: ac97,1
dm-verity,2
dm-bufio,2
dm thin,1
dm vdo,4
dm vdo int-map,1
dm-vdo,1
dm-vdo murmurhash,1
dm ioctl,1
dm: zoned,1
dm cache,9
ovl,10
selftests/mount_setattr,2
Input,36
block: blk-mq,1
"Revert ""block, bfq",1
timers-core-2024-11-18,1
"Revert ""KVM: VMX",1
timers-vdso-2024-11-18,1
irq-core-2024-11-18,1
core-debugobjects-2024-11-18,1
x86-mm-2024-11-18,1
x86-cleanups-2024-11-18,1
x86-splitlock-2024-11-18,1
kunit: qemu_configs,2
kunit: tool,3
kunit: debugfs,1
kunit,1
kunit: string-stream,1
scripts: ipe,1
kunit: skb,2
perf-core-2024-11-18,1
objtool-core-2024-11-18,1
cpuidle: Change ,1
cpuidle,1
ACPI: processor_idle,1
locking-core-2024-11-18,1
thermal-v6.13-rc1,1
opp-updates-6.13,1
cpufreq-arm-updates-6.13,1
x86_cpu_for_v6.13,1
x86_sev_for_v6.13,1
x86_platform_for_v6.13,1
x86_microcode_for_v6.13,1
x86_cache_for_v6.13,1
ras_core_for_v6.13,1
edac_updates_for_v6.13,1
kcsan-20241112-v6.13-rc1,1
rcu.release.v6.13,1
hwmon-for-v6.13-rc1,1
acpi-6.13-rc1,1
thermal-6.13-rc1,1
pm-6.13-rc1,1
random-6.13-rc1-for-linus,1
v6.13-p1,1
chrome-platform-firmware-for-6.13,1
chrome-platform-for-6.13,1
csd-lock.2024.11.16a,1
scftorture.2024.11.16a,1
nolibc.2024.11.01a,1
md/raid10,3
md/raid1,4
md/raid0,2
dt-bindings: regulator,1
arm: dts,1
sunxi-fixes-for-6.12,1
Compiler Attributes,1
ublk,6
"Revert ""nvme",1
loop,4
verification/dot2,1
tools/rtla,3
rtla/timerlat,1
Merge git,8
gfs2,16
mm: page_frag,6
spi-nor/for-6.13,1
Documentation: tipc,1
Merge branch 'selftests-add-selftest-for-link-layer-and-performance-testing',1
selftests: nic_performance,1
selftests: nic_link_layer,2
drm/i915/hdcp,2
EDAC/powerpc,1
"Merge branches 'clk-marvell', 'clk-adi', 'clk-qcom' and 'clk-devm' into clk-next",1
"Merge branches 'clk-samsung', 'clk-microchip', 'clk-imx', 'clk-amlogic' and 'clk-allwinner' into clk-next",1
"Merge branches 'clk-mobileye', 'clk-twl', 'clk-nuvoton', 'clk-renesas' and 'clk-bindings' into clk-next",1
"Merge branches 'clk-cleanup', 'clk-mediatek', 'clk-kunit', 'clk-xilinx' and 'clk-fixed-gate' into clk-next",1
clk: clk-loongson2,2
clk,4
clk: lan966x,1
Merge branch 'bnxt_en-add-context-memory-dump-to-coredump',1
qcom-clk-for-6.13,1
Merge branch 'bpf-fix-recursive-lock-and-add-test',1
Merge branch 'wireguard-updates-and-fixes-for-6-13',1
wireguard: device,2
wireguard: selftests,1
wireguard: allowedips,1
powerpc/perf,2
powerpc/kvm,1
Merge branch 'netpoll-use-rcu-primitives-for-npinfo-pointer-access',1
netpoll,3
net: ip,10
net/fungible,1
Merge branch 'uapi-ethtool-avoid-flex-array-in-struct-ethtool_link_settings',1
UAPI: ethtool,2
"Revert ""UAPI: ethtool",1
"Revert ""net: ethtool",1
Merge branch 'mptcp-pm-lockless-list-traversal-and-cleanup',1
mptcp: pm,4
stmmac: dwmac-intel-plat,2
net: txgbe,2
Merge branch 'eth-fbnic-cleanup-and-add-a-few-stats',1
eth: fbnic,9
net/neighbor,1
rocker,1
net: wwan,5
tools: ynl-gen,3
for-linus-6.13-rc1-tag,1
arm64-upstream,1
m68k-for-v6.13-tag1,1
mips_6.13,1
s390-6.13-1,1
lsm-pr-20241112,1
selinux-pr-20241112,1
audit-pr-20241112,1
nfs_common,2
svcrdma,2
xdrgen,27
lockd: Remove unneeded initialization of file_lock,1
lockd,5
for-6.13/io_uring-20241118,1
for-6.13/block-20241118,1
ata-6.13-rc1,1
for-6.13-tag,1
ext4_for_linus-6.13-rc1,1
dt-bindings: net,19
pinctrl: airoha,2
pull-statx,1
pinctrl: k210,1
jump_label: rust,1
blk-settings,1
Merge branch 'for-6.13/bpf' into for-linus,1
Merge branch 'for-6.13/bug-on-to-warn-on' into for-linus,1
Merge branch 'for-6.13/core' into for-linus,1
Merge branch 'for-6.13/corsair' into for-linus,1
pull-ufs,1
Merge branch 'for-6.13/goodix' into for-linus,1
Merge branch 'for-6.13/i2c-hid' into for-linus,1
Merge branch 'for-6.13/intel-ish' into for-linus,1
Merge branch 'for-6.13/kysona' into for-linus,1
Merge branch 'for-6.13/logitech' into for-linus,1
Merge branch 'for-6.13/multitouch-v2' into for-linus,1
HID: multitouch,1
pull-xattr,1
Merge branch 'for-6.13/steelseries' into for-linus,1
Merge branch 'for-6.13/wacom' into for-linus,1
pull-fd,1
vfs-6.13.ecryptfs,1
vfs-6.13.untorn.writes,1
vfs-6.13.tmpfs,1
vfs-6.13.usercopy,1
vfs-6.13.pidfs,1
vfs-6.13.ovl,1
vfs-6.13.file,1
vfs-6.13.netfs,1
vfs-6.13.pagecache,1
vfs-6.13.rust.file,1
vfs-6.13.misc,1
vfs-6.13.mount.api,1
PCI: endpoint,6
vfs-6.13.mgtime,1
nvme/multipath,1
libceph,4
fsnotify,2
rust: block,2
dlm,2
regulator: qcom-rpmh,1
cpu,1
s390/con3215,1
perf: arm-ni,1
kdb,4
"Revert ""nfs",1
rtc: brcmstb-waketimer,1
Merge branch 'for-linus' into for-next,2
asoc-v6.13,1
rtc: m48t59,1
i3c,2
i3c: mipi-i3c-hci,3
i3c: dw,2
Merge branch 'for-6.13-force-console' into for-linus,1
Merge branch 'am65-cpsw-rx-dscp-prio-map',1
Merge branch 'udp-4tuple-hash',1
ipv6/udp,1
ipv4/udp,1
net/udp,2
platform/x86: p2sb,1
ipsec-next-2024-11-15,1
platform/x86: panasonic-laptop,1
docs: media,1
virtiofs: dax,1
fuse,27
rtc: rv3028,1
gpio: tegra186,1
gpio: grgpio,5
Merge branch 'edac-misc' into edac-updates,1
sparc/vdso,1
i2c-host-6.13-p1,1
media: MAINTAINERS,1
dt-bindings: cpufreq,3
drm-xe-next-fixes-2024-11-15,1
amd-drm-next-6.13-2024-11-15,1
pinctrl: qcom,5
Linux 6.12,1
x86_urgent_for_v6.12,1
docs: i2c,1
i2c: qcom-cci,3
i2c: busses,1
i2c: imx,4
i2c: qcom-geni,2
i2c: Switch back to struct platform_driver,1
i2c: npcm,2
i2c: amd-asf,5
Merge branch 'topic/ppc-kvm' into next,1
watchdog: rti,1
MAINTAINERS: powerpc,1
RDMA/bnxt_re,22
IB/cm,3
efi,1
efi/libstub,4
compiler.h,1
mm-hotfixes-stable-2024-11-16-15-33,1
"mm: revert ""mm",1
drm-fixes-2024-11-17,1
amd-drm-fixes-6.12-2024-11-16,1
parisc/ftrace,1
Merge branch 'slab/for-6.13/features' into slab/for-next,1
mm/slab,3
mm/slub,4
"mm/slub, kunit",1
perf,2
perf pmu,2
perf jevents,2
perf header,4
perf arm64 header,1
perf util,1
perf test shell trace_exit_race,2
libbpf,11
PCI: dwc,5
trace-ringbuffer-v6.12-rc7-2,1
selftests/pcie_bwctrl,1
thermal,1
Documentation: alienware-wmi,1
sparc,2
sparc/build,2
serial: amba-pl011,2
fs/9p,1
dt-bindings: usb,8
dt-bindings: connector,2
"Revert ""usb: gadget",1
usb: ehci-spear,1
remoteproc: qcom,7
remoteproc: qcom_q6v5_mss,3
rpmsg: glink,2
remoteproc: qcom_wcnss_iris,1
remoteproc: qcom_q6v5_wcss,1
remoteproc: qcom_q6v5_pas,2
remoteproc: qcom_q6v5_adsp,1
dt-bindings: remoteproc,2
Merge branch 'virtio-net-support-af_xdp-zero-copy-tx',1
virtio_net: xsk,3
virtio-net,2
virtio_ring: packed,1
virtio_ring: split,1
Merge branch 'net-ndo_fdb_add-del-have-drivers-report-whether-they-notified',1
ndo_fdb_del,1
ndo_fdb_add,1
Merge branch 'modifying-format-and-renaming-goto-labels',1
Merge branch 'net-netpoll-improve-skb-pool-management',1
net: netpoll,2
net/netlink,1
irqchip/riscv-aplic,1
Merge branch 'enic-use-all-the-resources-configured-on-vic',1
enic,7
gve,2
nf-24-11-14,1
for-net-next-2024-11-14,1
nf-next-24-11-15,1
"Merge branches 'rcu/fixes', 'rcu/nocb', 'rcu/torture', 'rcu/stall' and 'rcu/srcu' into rcu/dev",1
Documentation/CoC,1
rcuscale,3
srcu,14
Merge branch 'dt/linus' into dt/next,1
hostfs,2
Merge branch 'acpi-misc',1
"Merge branches 'acpi-processor', 'acpi-x86' and 'acpi-video'",1
"Merge branches 'acpi-battery', 'acpi-ec', 'acpi-pfr' and 'acpi-osl'",1
riscv-for-linus-6.12-rc8,1
md-6.13-20241115,1
Merge branch 'pm-tools',1
Merge branches 'pm-cpuidle' and 'pm-em',1
drm-fixes-2024-11-16,1
drm-xe-fixes-2024-11-14,1
driver core,4
sysfs: attribute_group,1
pmdomain-v6.12-rc1-2,1
mmc-v6.12-rc3-2,1
sound-6.12,1
v6.12-p5,1
sched_ext-for-6.12-rc7-fixes-2,1
for-6.12-rc7-tag,1
PCI: of_property,1
switch io_msg_ring() to CLASS(fd),1
ubifs,9
usb-serial-6.13-rc1,1
workqueue,1
x86/efi,2
soc_fsl-6.13-1,1
ASoC: hdmi-codec,1
tools/thermal,1
dma-fence,2
hwrng,6
netfilter: bitwise,2
efi/memattr,1
ecryptfs,13
"Merge patch series ""ecryptfs",1
"Merge patch series ""API for exporting connectable file handles to userspace""",1
netfilter: nf_dup4,1
netfilter: nft_fib,1
netfilter: rpfilter,1
netfilter: flow_offload,1
netfilter: ipv4,1
microblaze: mb,1
MIPS: mobileye,3
"Merge branches 'intel/vt-d', 'amd/amd-vi' and 'iommufd/arm-smmuv3-nested' into next",1
"Merge branches 'arm/smmu', 'mediatek', 's390', 'ti/omap', 'riscv' and 'core' into next",1
arm-smmu-updates,1
gdb: lx-symbols,1
cma,1
mm/kfence,1
memcg/hugetlb,1
vmstat,1
"mm, doc",1
fs/proc/task_mmu,1
sched/task_stack,1
"crash, powerpc",1
mm/mremap,3
tools/mm,4
xfrm,11
Merge branch 'net-make-rss-rxnfc-semantics-more-explicit',1
selftest,3
net: ethtool,3
i40e,2
mdio,1
include: mdio,1
for-netdev,2
Merge branch 'ipv4-prepare-bpf-helpers-to-flowi4_tos-conversion',1
bpf: lwtunnel,1
bpf: ipv4,1
Merge branch 'tools-net-ynl-rework-async-notification-handling',1
"Revert ""tools/net/ynl",1
Merge branch 'net-phy-switch-eee_broken_modes-to-linkmode-bitmap-and-add-accessor',1
r8169,18
sched_ext,23
powerpc/Makefile,1
scftorture,5
powerpc-km82xx.c,1
"mm, swap",2
clk: eyeq,6
clk: fixed-factor,1
dt-bindings: clock,26
dt-bindings: soc,13
clk: clk-axi-clkgen,1
v6.13-rockchip-clk1,1
clk: mmp,5
perf trace,5
clk: mediatek,2
clk: ralink,3
amd-drm-fixes-6.12-2024-11-14,1
Bluetooth: btintel,4
drm-misc-fixes-2024-11-14,1
Bluetooth: hci_bcm,1
Bluetooth: ISO,7
Bluetooth: hci_conn,3
Bluetooth: HCI,1
Bluetooth: btusb,12
Bluetooth: btrtl,1
Bluetooth: btbcm,1
Bluetooth: btintel_pcie,5
Bluetooth: hci_qca,1
Bluetooth: btmtksdio,1
clk: clk-apple-nco,1
Bluetooth: btnxpuart,3
bluetooth,1
drm-intel-fixes-2024-11-14,1
perf string,1
fs: jffs2,1
mtd: ubi,3
ubifs: authentication,1
ubi: fastmap,2
cgroup/cpuset,4
ubifs: xattr,1
net-6.12-rc8,1
bcachefs-2024-11-13,1
ubi: wl,2
USB,4
tracing/ring-buffer,1
thermal: testing,3
ubifs: ubifs_jnl_write_inode,1
asoc-fix-v6.12-rc7,1
ASoc: simple-mux,2
Add generic AMD Soundwire machine driver for Legacy(No,1
"Revert: ""ring-buffer",1
RDMA/mlx5,7
fbdev: omapfb,2
fbdev: sh7760fb,1
ps3,1
powerpc/kexec,1
platform/x86/intel/pmt,1
Merge branch 'for-next/pkey-signal' into for-next/core,1
Merge branch 'for-next/mops' into for-next/core,1
"Merge branches 'for-next/gcs', 'for-next/probes', 'for-next/asm-offsets', 'for-next/tlb', 'for-next/misc', 'for-next/mte', 'for-next/sysreg', 'for-next/stacktrace', 'for-next/hwcap3', 'for-next/kselftest', 'for-next/crc32', 'for-next/guest-cca', 'for-next/haft' and 'for-next/scs', remote-tracking branch 'arm64/for-next/perf' into for-next/core",1
loongarch-kvm-6.13,1
kvmarm-6.13,1
arm64: tls,1
macintosh,1
powerpc/powermac,1
powerpc,9
powerpc/xive,1
spi: imx,3
ASoC: stm32,6
ASoC: sma1307,3
selftests/powerpc,6
netfilter: bpf,1
ASoC,11
netfilter: nfnetlink,1
ASoC: dt-bindings,20
powerpc/xmon,1
powerpc/ep8248e,1
powerpc/ps3,3
Merge back cpufreq material for 6.13,2
KVM: PPC,16
drm/bridge: tc358768,2
i2c: dev,1
Merge branch 'bonding-fix-ns-targets-not-work-on-hardware-nic',1
selftests: bonding,1
RDMA/hns,8
dma-mapping,8
vfs,3
perf/core,4
perf/x86,1
perf/powerpc,1
perf/arm,1
at24-updates-for-v6.13-rc1,1
Documentation: i2c,1
net: ti,2
soc: fsl,3
drm/vmwgfx,1
configfs,2
soundwire,2
Merge branch 'net-dsa-microchip-add-lan9646-switch-support',1
powerpc/sstep,1
samples: pktgen,1
net: phylink,10
Merge branch 'support-external-snapshots-on-dwmac1000',1
Merge branch 'mptcp-pm-a-few-more-fixes',1
mptcp,12
ynl: samples,1
Merge branch 'tools-ynl-two-patches-to-ease-building-with-rpmbuild',1
tools: ynl,2
wireless-next-2024-11-13,1
"Revert ""KVM: PPC",1
nouveau/dp,1
nouveau,1
nouveau: fw,1
powerpc/vdso,3
tools/firewire,1
PCI: hotplug,1
at91-soc-6.13,1
at91-dt-6.13,1
vfio/virtio,3
i2c: piix4,3
i2c: i801,1
i2c: isch,11
i2c: cadence,3
virtio-pci,1
virtio,3
virtio_pci,2
Documentation,4
hisi_acc_vfio_pci,3
Merge branch 'bpf-range_tree-for-bpf-arena',1
at91-defconfig-6.13,1
pm-6.12-rc8,1
tpmdd-next-6.12-rc8,1
PCI: starfive,1
block/genhd,1
rtc: amlogic-a4,2
timers-v6.13-rc1,1
dt-bindings: hwmon,10
hwmon: tmp108,1
x86: KVM,1
drm/xe/oa,7
libsubcmd,2
perf timechart,1
perf list,1
perf disasm,7
xen,1
tpm,6
virtio_blk,1
dax,3
nvdimm,2
e1000,1
igbvf,1
igc,1
jbd2,9
ext4,27
nvme-6.13-2024-11-13,1
v6.13-armsoc/drivers1,1
qcom-drivers-for-6.13-2,1
thermal/drivers/k3_j72xx_bandgap,1
PCI: mediatek-gen3,3
PCI: cadence,1
loongarch-fixes-6.12-2,1
mm-hotfixes-stable-2024-11-12-16-39,1
libfs,4
fs/stat.c,1
kill getname_statx_lookup_flags(),1
io_statx_prep(),1
tools: gpio,1
gpio: mpfs,2
thermal/drivers/qcom/tsens-v1,1
dt-bindings: thermal,2
thermal: Switch back to struct platform_driver,1
thermal/drivers/mediatek/lvts_thermal,1
dquot.c,1
dt-bindings: serial,4
serial: sprd,1
tty/serial/altera_uart,1
tty/serial/altera_jtaguart,1
tty: ldsic,1
drivers/usb/storage,1
drivers/usb/serial,1
drivers/usb/musb,1
drivers/usb/mon,1
drivers/usb/misc,1
drivers/usb/host,1
drivers/usb/core,1
drivers/usb/gadget,1
ASoC: sdca,1
dt-bindings: pinctrl,15
platform/x86/amd/hsmp,14
platform/x86/amd: amd_3d_vcache,2
s390/cio/ioasm,1
s390/cio/qdio,1
s390/sclp,1
s390/dasd,3
s390/boot/physmem,1
s390/kvm,5
s390/extmem,1
s390/string,1
s390/diag,1
s390/irq,1
s390/smp,2
s390/uv,6
s390/pai,1
s390/cpu_mf,1
s390/cpcmd,1
s390/topology,2
s390/time,4
s390/pageattr,2
s390/sthyi,1
s390/asm,1
s390/cio,2
spi: cs42l43,1
pinctrl: cy8c95x0,6
"Merge patch series ""two little writeback cleanups v2""",1
"Merge patch series ""fs",2
Merge branch 'phy-mediatek-reorg',1
ALSA: compress_offload,3
clocksource/drivers/arm_arch_timer,2
clocksource/drivers/gpx,1
clocksource/drivers/timer-ti-dm,2
dt-bindings: timer,2
clocksource/drivers/ralink,1
clocksource/drivers/mips-gic-timer,1
clocksource/drivers:sp804,1
clocksource/drivers/dw_apb,1
ALSA: 6fire,1
ALSA: caiaq,1
ALSA: us122l,2
ALSA: usx2y,1
Documentation: KVM,1
Merge branch 'kvm-docs-6.13' into HEAD,1
cpufreq: intel_pstate,4
Merge branch 'octeontx2-rvu-rep',1
Documentation: octeontx2,1
ACPI: video,1
ACPI: CPPC,2
kvm-x86-misc-6.13,1
kvm-x86-vmx-6.13,1
kvm-x86-selftests-6.13,1
kvm-x86-mmu-6.13,1
kvm-x86-generic-6.13,1
printk,2
locking/Documentation,1
HID: hid-goodix-spi,1
dt-bindings: input,4
irqchip/loongson-eiointc,1
ARM: 9431/1,1
ARM: 9430/1,1
ARM: 9429/1,1
usb: cdns3,1
firmware_loader,1
USB: core,1
fs: ext4,1
x86/mm/tlb,1
v6.12-rc7,2
net: page_pool,1
eth: bnxt,1
dsa: qca8k,1
"Revert ""igb",1
for-net-2024-11-12,1
"bpf, x86",3
Merge branch 'add-kernel-symbol-for-struct_ops-trampoline',1
powerpc/cell,2
cpufreq: maple,1
drm/panthor,7
Merge branch 'bpf-support-private-stack-for-bpf-progs',1
ufs: ufs_sb_private_info,1
mm: swapfile,1
ARM,1
ARM: 9435/1,1
ARM: 9434/1,1
md/raid5,3
virtio_vdpa,1
virtio_fs,2
virtio_pmem,1
vdpa/mlx5,3
"Revert ""drm/amd/display",5
samsung-drivers-6.13,1
imx-soc-6.13,1
zynq-soc-for-6.13,1
samsung-soc-6.13,1
arm-soc/for-6.13/soc,1
ti-k3-config-for-v6.13,1
renesas-arm-defconfig-for-v6.13-tag1,1
imx-defconfig-6.13,1
qcom-arm64-defconfig-for-6.13,1
arm-soc/for-6.13/defconfig,1
rcutorture,6
refscale,2
torture,1
asahi-soc-dt-6.13,1
v6.13-rockchip-dts64-2,1
drm/amd/amdgpu,2
v6.13-rockchip-dts32-2,1
sunxi-dt-for-6.13-2,1
riscv-dt-for-v6.13,1
mvebu-dt64-6.13-1,1
mvebu-dt-6.13-1,1
stm32-dt-for-v6.13-1,1
Merge branch 'selftests-bpf-fix-for-bpf_signal-stalls-watchdog-for-test_progs',1
ti-k3-dt-for-v6.13,1
amlogic-arm64-dt-for-v6.13,1
rcu/nocb,1
amlogic-arm-dt-for-v6.13,1
riscv-sophgo-dt-for-v6.13,1
qcom-arm64-for-6.13,1
omap-for-v6.13/dt-signed-1,1
renesas-dts-for-v6.13-tag2,1
mtk-dts64-for-v6.13,1
imx-dt64-6.13,1
imx-dt-6.13,1
imx-bindings-6.13,1
qcom-arm32-for-6.13,1
socfpga_dts_updates_for_v6.13,1
zynqmp-dt-for-6.13,1
v6.13-armsoc/dts64-1,1
samsung-dt64-6.13,1
tegra-for-6.13-arm64-dt,1
tegra-for-6.13-dt-bindings,1
ux500-dts-for-v6.13,1
renesas-dts-for-v6.13-tag1,1
thead-dt-for-v6.13-p2,1
thead-dt-for-v6.13,1
for-6.12/dm-fixes-3,1
integrity-v6.12,1
landlock-6.12-rc7,1
rcu/kvfree,1
rcu/srcutiny,1
rcu-tasks,1
doc,3
rcu,9
cpufreq: ACPI,1
doc: rcu,1
sched/cpufreq,1
ACPI: Switch back to struct platform_driver,1
docs/zh_CN,15
docs: bug-bisect,1
x86/sgx,1
pmdomain,4
pmdomain: qcom,2
mmc,2
"Revert ""mmc: dw_mmc",1
mmc: pwrseq_simple,2
"Revert ""wifi: iwlegacy",1
kvm-s390-next-6.13-1,1
selftests: hugetlb_dio,2
mm/thp: fix deferred split queue not partially_mapped,1
Merge branch 'iommufd/arm-smmuv3-nested' of iommu/linux into iommufd for-next,1
mmc: sunxi-mmc,1
ARM: 9426/1,1
ARM: 9425/1,1
ARM: 9424/1,1
ARM: 9423/1,1
ARM: 9415/1,1
ARM: 9420/1,1
ARM: 9419/1,1
Documentation: userspace-api,2
iommufd/viommu,3
iommu/viommu,1
drivers: perf,1
dt-bindings: mfd,8
kselftest/arm64,23
platform: cznic,2
firmware: turris-mox-rwtm,1
ti-driver-soc-for-v6.13,1
reset-for-v6.13,1
scmi-updates-6.13,1
bus: Switch back to struct platform_driver,1
arm64/ptrace,1
"Revert ""RDMA/core",1
MIPS: loongson3_defconfig,2
acpi/arm64,2
TC,1
mfd: tqmx86,5
MIPS: kernel,1
arm64/mm,5
mfd: 88pm886,1
leds: ss4200,1
samples: rust,1
rtc,3
dt-bindings: rtc,4
um,29
writeback,2
fs:aio,1
hfsplus,1
kselftets/arm64,1
ASoC: max9768,1
regulator: Switch back to struct platform_driver,1
ASoC: simple-card-utils,1
ASoC: test-component,2
s390/syscalls,3
s390/perf_cpum_cf,1
s390/perf_cpum_sf,1
s390/atomic,3
s390/locking,1
s390/preempt,1
s390/cmpxchg,6
s390/dump,1
s390/con3270,1
gpio: rockchip,3
net: rfkill,1
mfd: intel_soc_pmic_crc,1
mfd: intel_soc_pmic_*,1
leds: pwm,1
dt-bindings: leds,2
drivers: core,2
driver core: class,1
serial: 8250_fintek,1
mei: vsc,3
firmware: Switch back to struct platform_driver,1
misc: isl29020,1
scripts/tags.sh,4
Merge branch 'virtio-vsock-fix-memory-leaks',1
virtio/vsock,2
vsock,2
dt-bindings: ata,1
usb: chipidea,1
usb: musb,2
Merge branch 'net-ip-add-drop-reasons-to-input-route',1
intel-hid,1
better-ondisk-6.13_2024-11-05,1
metadir-6.13_2024-11-05,1
realtime-quotas-6.13_2024-11-05,1
metadir-quotas-6.13_2024-11-05,1
realtime-groups-6.13_2024-11-05,1
thunderbolt-for-v6.13-rc1,1
rtgroups-prep-6.13_2024-11-05,1
incore-rtgroups-6.13_2024-11-05,1
metadata-directory-tree-6.13_2024-11-05,1
generic-groups-6.13_2024-11-05,1
perag-xarray-6.13_2024-11-05,1
platform/x86: hp,1
HID: hyperv,1
bcachefs,37
gpiolib: cdev,2
mtd: spi-nor,3
Merge branch 'xfrm,1
drm/i915/gsc,1
Merge branch 'libbpf-stringify-error-codes-in-log-messages',1
tools/bpf,1
soc: qcom,17
"kbuild,bpf",1
clk: qcom,20
Merge branch 'mlx5-esw-qos-refactor-and-shampo-cleanup',1
Merge branch 'mlx5-misc-fixes-2024-11-07',1
net/mlx5e: CT,1
net: ipv4,1
Merge branch 'mptcp-fix-a-couple-of-races',1
net: netconsole,12
Merge branch 'net-phylink-phylink_resolve-cleanups',1
Merge branch 'suspend-irqs-during-application-busy-periods',1
docs: networking,2
eventpoll,2
Merge branch 'rtnetlink-convert-rtnl_newlink-to-per-netns-rtnl',1
netkit,1
vxcan,1
veth,1
mm: mmap_lock,1
MAINTAINERS/MEMORY MANAGEMENT,1
Docs/mm/damon,1
kmemleak: iommu/iova,1
mm/list_lru,6
nommu,1
mm: page_alloc,1
kernel/reboot,1
lib: util_macros_kunit,1
util_macros.h,1
Improve consistency of '#error' directive messages,1
hung_task,2
Merge branch 'selftests-ncdevmem-add-ncdevmem-to-ksft',1
selftests: ncdevmem,12
Merge branch 'net-stmmac-dwmac4-fixes-issues-in-dwmac4',1
Merge branch 'introduce-vlan-support-in-hsr',1
selftests: hsr,1
Merge branch 'side-mdio-support-for-lan937x-switches',1
net: atlantic,2
nfp,1
power: reset,1
selftests/mm,8
Merge branch 'knobs-for-npc-default-rule-counters',1
devlink,5
mlx5/core,3
Merge branch 'macsec-inherit-lower-device-s-features-and-tso-limits-when-offloading',1
selftests: netdevsim,4
macsec,4
sched_ext-for-6.12-rc7-fixes,1
power: supply,5
reset: keystone-reset,1
HID: magicmouse,1
rtc: pcf8563,2
rtc: abx80x,1
maple_tree,21
vma,1
selftest/mm,1
rtc: mt6359,2
empty include/asm-generic/vga.h,1
asm/vga.h,1
vt_buffer.h,1
Merge branch kvm-arm64/vgic-its-fixes into kvmarm/next,1
drm/amdgpu/mes12,2
Merge branch 'replace-page_frag-with-page_frag_cache-part-1',1
xtensa,1
Merge branch kvm-arm64/nv-pmu into kvmarm/next,1
Merge branch kvm-arm64/mmio-sea into kvmarm/next,1
Merge branch kvm-arm64/misc into kvmarm/next,1
KVM: selftests,24
Merge branch kvm-arm64/mpam-ni into kvmarm/next,1
Merge branch kvm-arm64/psci-1.3 into kvmarm/next,1
Merge branch kvm-arm64/nv-s1pie-s1poe into kvmarm/next,1
net: netlink,1
drm/msm/adreno,2
firmware: qcom,3
drm/fourcc,1
drm/amd ,1
drm/amd/amdkfd,1
ASoC: max98088,3
nvme-multipath,1
Merge branch 'refactor-lock-management',1
Merge branch 'fix-lockdep-warning-for-htab-of-map',1
Merge branch 'bpf-add-uprobe-session-support',1
dm-cache,1
"Merge patch series ""Zacas/Zabha support and qspinlocks""",1
asm-generic: ticket-lock,2
dt-bindings: arm,36
io_uring/uring_cmd,2
intel_idle,1
ASoc: SOF,1
icc-6.13-rc1,1
fpga-for-6.13-rc1,1
Merge back ACPI processor driver changes for 6.13,1
Merge back thermal control material for 6.13,1
"Merge patch series ""fscache/cachefiles",1
netfs/fscache,1
cachefiles,4
btrfs: send,4
btrfs: update stale comment for struct btrfs_delayed_ref_node,1
io_uring/cmd,1
btrfs: remove pointless iocb,1
btrfs: tests,2
btrfs: lzo,1
btrfs: qgroup,3
btrfs: scrub,2
btrfs: zstd,2
btrfs: qgroups,1
btrfs: compression,1
btrfs: zlib,1
m68k: defconfig,1
wifi: brcmfmac,2
wifi: Switch back to struct platform_driver,1
wifi: ipw2x00,1
tty: sysrq,1
ASoC: machine,1
ASoC: intel,4
ASoC: audio-graph-card2,3
rtw-next-2024-11-06,1
x86/platform/intel-mid,1
uprobes,3
perf/x86/amd/uncore,1
rust: helpers,2
"sched, x86",2
objtool,2
rtc: bbnsm,1
fs/backing-file,1
cred,1
backing-file,1
mm/memory-failure,1
memcg,4
tools: testing,4
mm: madvise,1
mm: pagewalk,1
mm: zswap,5
mm: swap,3
Merge drm/drm-fixes into drm-misc-fixes,3
Merge branch 'mm-hotfixes-stable' into mm-stable,1
cpufreq: sun50i,1
cpufreq: mediatek-hw,1
cpufreq: CPPC,5
cpufreq: loongson3,1
cpufreq: scmi,1
fpga: Switch back to struct platform_driver,1
drm-misc-next-2024-11-08,1
rtc: isl12022,3
m68k: coldfire/device.c,1
m68k: mcfgpio,1
hwmon: Switch back to struct platform_driver,1
hwmon: (sht4x),1
hwmon: (max6639) ,1
hwmon: Drop explicit initialization of struct i2c_device_id,1
Linux 6.12-rc7,1
i2c-for-6.12-rc7,1
filemap,1
rtc: rtc-mc146818-lib,1
rtc: st-lpc,1
rtc: Makefile,1
rtc: Switch back to struct platform_driver,1
rust: sync,1
rtc: renesas-rtca3,2
irq_urgent_for_v6.12_rc7,1
mm-hotfixes-stable-2024-11-09-22-40,1
usb-6.12-rc7,1
staging-6.12-rc7,1
powerpc/irq,1
powerpc/pseries,2
fadump,1
powerpc/fadump,4
powerpc/ftrace,7
dt-bindings: spmi,2
spmi: pmic-arb,1
cdx,1
Staging: gpib,1
staging: vchiq_debugfs,1
staging: vchiq_core,8
staging: vc04_services,3
staging: most,1
staging: rtl8723bs,48
staging: sm750fb,1
staging: iio,2
staging: greybus,2
dt-bindings: rng,4
padata,1
md-6.13-20241107,1
"Revert ""fs: nfs",1
nfs/localio,5
bridge,1
drm/rockchip: vop,1
i2c-host-fixes-6.12-rc7,1
net: vertexcom,2
Merge branch 'improve-neigh_flush_dev-performance',1
neighbour,6
neighbour: Remove bare neighbour,1
Merge branch 'r8169-improve-wol-suspend-related-code',1
nfsd-6.12-4,1
v6.12-rc6-smb3-client-fix,1
block-6.12-20241108,1
landlock,4
ARM: dts,71
tc,1
sctp,3
mISDN,1
hv_sock,1
net: sfc,1
perf build,5
perf dwarf-regs,8
perf xtensa,1
perf sparc,1
perf sh,1
perf s390,1
perf riscv,1
perf mips,1
perf loongarch,1
perf arm,1
perf arm64,1
perf bpf-prologue,1
perf docs,1
NFSv4.0,2
USB: gadget,1
pcmcia: soc_common,1
leds: gpio,1
iio-for-6.13b,1
media: uvcvideo,2
iio,4
docs: iio,2
iio: adc,24
dt-bindings: iio,17
Merge commit '9365f0de4303f82ed4c2db1c39d3de824b249d80' into HEAD,1
tools api io,1
perf script python,1
perf script cs_etm,1
ASoC: qcom,4
thermal-6.12-rc7,1
pm-6.12-rc7,1
acpi-6.12-rc7,1
v6.12-rc6-ksmbd-fixes,1
EDAC/igen6,3
dt-bindings: interrupt-controller,2
Merge branch 'for-6.12-fixes' into for-6.13,1
drm-fixes-2024-11-09,1
of/address,1
NFS,7
of/fdt,2
drm-xe-fixes-2024-11-08,1
drm-misc-fixes-2024-11-08,1
sound-6.12-rc7,1
media/v6.12-2,1
slab-for-6.12-rc7,1
for-6.12-rc6-tag,1
bcachefs-2024-11-07,1
powerpc-6.12-6,1
kvm-riscv-6.13-1,1
Merge branch 'cxl/for-6.13/dcd-prep' into cxl-for-next,1
drm/amdgpu/gfx11,2
cxl/hdm,1
arm64/scs,3
ACPI/CDAT,1
range,1
arm64: uprobes,1
mhi-for-v6.13,1
iio-fixes-for-6.12c,1
iommu/iova,1
media: platform,4
media: qcom,2
media: dt-bindings,4
media: adv7180,1
media: mgb4,1
media,1
Documentation: media,1
media: vicodec,1
x86/stackprotector,1
bus: mhi,2
Documentation: kvm,3
kvm: svm,1
KVM: powerpc,1
kvm-x86-fixes-6.12-rcN,1
pinctrl: single,1
asoc-fix-v6.12-rc6,1
pinctrl: qcom-pmic-gpio,1
pinctrl,1
usb-serial-6.12-rc7,1
Merge branch 'netlink-specs-add-neigh-and-rule-ynl-specs',1
netlink: specs,4
phonet,10
ipv4,15
Merge branch 'net-phy-remove-genphy_config_eee_advert',1
amd-drm-fixes-6.12-2024-11-07,1
drm-etnaviv-next-2024-11-07,1
amd-drm-next-6.13-2024-11-06,1
powerpc/44x,1
rbd,1
spi-fix-v6.12-rc6,1
regulator-fix-v6.12-rc6,1
mm/damon/tests/dbgfs-kunit,1
mm/damon/Kconfig,1
selftests/damon/debugfs_duplicate_context_creation,1
selftests/damon/_debugfs_common,1
selftests/damon/huge_count_read_write,2
mm/show_mem,1
mm/vmscan,1
bootmem,1
mm/zsmalloc,1
zsmalloc,1
tests/module/gen_test_kallsyms.sh,1
x86/module,2
execmem,1
arch,1
asm-generic,3
mm: vmalloc,2
signal,12
fs/proc,1
ucounts,2
mm/damon/core,3
mm/mlock,1
objpool,2
net-6.12-rc7,1
nvme-6.12-2024-11-07,1
Add a driver for the Iron Device SMA1307 Amp,1
perf stat,2
drivers: net,1
perf: event,1
x86/tdx,4
pwm/for-6.12-rc7-fixes,1
proc/softirqs,1
x86/boot,2
um: vector,1
um: net,1
um: ubd,2
um: virtio_uml,3
nf-24-11-07,1
PCI: keystone,2
spi: spidev_test,1
ASoC: ux500,1
drm: panel-orientation-quirks,1
thunderbolt-for-v6.12-rc7,1
PCI: microchip,1
dt-bindings: PCI,6
media: atomisp,11
intel-pinctrl-v6.13-2,1
wifi: iwlwifi,37
ethernet: cavium,1
fpga/dfl-pci.c,1
ASoC: stm,2
"Revert ""block",1
Merge branch 'fix-the-arc-emac-driver',1
net: arc,2
Merge branch 'net-wwan-t7xx-add-t7xx-debug-ports',1
wwan: core,2
media: videobuf2-core,2
nf-next-24-11-07,1
Merge branch 'virtio_net-make-rss-interact-properly-with-queue-number',1
watchdog: s3c2410_wdt,1
dt-bindings: watchdog,7
arm64: Kconfig,2
arm64: smccc,1
x86/sev,3
pwm,1
media: venus,6
watchdog: mediatek,2
"Revert ""watchdog: s3c2410_wdt",1
intel-gpio-v6.13-1,1
s390/uvdevice,4
s390/sparsemem,3
s390/configs,1
Merge branch 'virtio-mem' into features,1
lib/Kconfig.debug,2
virtio-mem,1
s390/physmem_info,1
Documentation: s390-diag.rst,2
net: nfc,1
misc: atmel-ssc,1
misc: keba,1
tty: atmel_serial,2
media: i2c,18
media: ipu6,9
media: mc,1
media: intel/ipu6,2
media: raspberrypi,4
media: mt9p031,1
media: ov08x40,3
media: gspca,1
media: amphion,1
media: v4l2-subdev,1
media: Documentation,1
media: ov2740,1
counter-fixes-for-6.12,1
counter-updates-for-6.13,1
memcg: workingset,1
mm/vma,2
memcg-v1,6
mm/damon/vaddr,2
mm/memcontrol,2
mm/page-writeback,1
mm/memory.c,2
tmpfs,6
mm/mglru,1
percpu,5
x86/percpu,1
"mm, kasan, kmsan",1
vmscan,1
mm/zswap,1
mm/hugetlb,1
mm/kmemleak,1
kaslr,1
MAINTAINERS: mailmap,1
arch/s390,2
arch/powerpc,1
arch/sparc,1
arch/x86,1
mm/mmap,2
mm/truncate,1
gup,1
ksm,3
"Merge patch series ""scsi: st",1
scsi: st,3
scsi: sun3,1
Merge branch 'net-ucc_geth-devm-cleanups',1
net: ucc_geth,4
net: broadcom,1
net: hisilicon,2
net: bnx2x,1
hrtimers,7
alarmtimer,1
sched/idle,1
wait,1
timers,3
net: pktgen,1
fs/aio,1
_RESEND_PATCH_v2_04_19_wifi_rt2x00_Remove_redundant_hrtimer_init_,1
KVM: x86/xen,1
drm/i915/request: Remove unnecessary modification of hrtimer,1
scsi: qedi,1
scsi: qedf,1
scsi: fusion,1
scsi: esas2r,1
scsi: Switch back to struct platform_driver,1
scsi: pm8001,3
hrtimer,1
Merge branch 'bnxt_en-ethtool-improve-wildcard-l4proto-on-ip4-ip6-ntuple-rules',1
"Merge patch series ""Update lpfc to revision 14.4.0.6""",1
"Merge patch series ""UFS cleanups and enhancements to ufs-exynos for gs101""",1
Merge branch 'net-add-debug-checks-to-skb_reset_xxx_header',1
scsi: MAINTAINERS,1
Merge branch 'ipv6-fix-hangup-on-device-removal',1
alarmtimers,2
posix-cpu-timers,4
riscv: dts,12
Merge branch 'Fixes to bpf_msg_push/pop_data and test_sockmap',1
riscv: defconfig,1
irqchip,1
nfs-for-6.12-3,1
sunxi-clk-for-6.13,1
PCI: vmd,2
PCI: imx6,1
clk-meson-v6.13-1,1
clk-imx-6.13,1
resource,5
media: dvbdev,1
renesas-clk-for-v6.13-tag2,1
PCI/ASPM,2
ASoC: da7213,5
io_uring/napi,6
ACPI: processor,1
keys-next-6.12-rc7,1
isofs,1
tracefs-v6.12-rc6,1
platform-drivers-x86-v6.12-4,1
xattr,2
fs/xattr,1
new helpers,2
replace do_getxattr() with saner helpers.,1
replace do_setxattr() with saner helpers.,1
new helper,1
for-6.12/dm-fixes-2,1
hid-for-linus-20241105,1
HID: rmi,1
x86/kprobes,1
perf-core-for-bpf-next,1
iommu/io-pgtable-arm-v7s,1
drm/panfrost,2
iommu/io-pgtable-arm,3
md-6.13-20241105,1
mtip32xx,1
m68k: mvme147,3
perf: Switch back to struct platform_driver,1
spi: dt-bindings,2
HID: steelseries,2
m68k,4
m68k: kernel,1
HID: hid-goodix,2
arm64/sve,1
platform/x86: x86-android-tablets,3
xhci: pci,2
xhci: debugfs,1
platform/x86: thinkpad_acpi,1
firmware: arm_scpi,1
"Merge patch series ""tmpfs",2
x86/resctrl,1
fs-atomic_2024-11-05,1
freevxfs,1
vp_vdpa,1
vDPA/ifcvf,1
Fix typo in vringh_test.c,1
vdpa: solidrun,1
Merge branch 'topic/compress-accel' into for-next,3
leds: class,1
leds: ktd2692,1
vsock/virtio,1
leds: max5970,1
leds,1
mfd: rt5033,1
clk: renesas,6
renesas-r9a08g045-dt-binding-defs-tag3,2
wifi: rtlwifi,3
wifi: rtw88,24
wifi: rtw89,33
exynos-drm-next-for-v6.13-v2,1
md/md-bitmap,1
Merge branch 'mptcp-pm-fix-wrong-perm-and-sock-kfree',1
Merge branch 'add-the-dwmac-driver-support-for-t-head-th1520-soc',1
Merge branch 'add-support-for-synopsis-designware-version-3-72a',1
openvswitch,1
Merge branch 'a-pile-of-sfc-deadcode',1
sfc,4
ocfs2: cluster,1
lib/scatterlist,1
checkpatch,1
Documentation/core-api,1
lib/test_min_heap,1
lib min_heap,2
lib/min_heap,1
tools/lib/list_sort,1
lib/list_sort,1
ipc,1
scripts/spelling.txt,2
perf/hw_breakpoint,1
scripts/decode_stacktrace.sh,1
lib/Makefile,1
lib/crc16_kunit.c,1
reboot,1
list: test,1
mm/util,2
security,1
auditsc,1
get rid of __get_task_comm(),1
ipc/msg,1
kernel/watchdog,1
kexec/crash,1
Merge branch '20240822-qcs8300-gcc-v2-1-b310dfa70ad8@quicinc.com' into clk-for-6.13,1
selftests/damon/access_memory_even,1
mm/cma,1
mm: pgtable,2
mm: multi-gen LRU,3
mm: userfaultfd,1
mm: page_vma_mapped_walk,1
mm: mremap,1
mm: khugepaged,2
arm,1
mm: filemap,1
mm/madvise,1
selftests/mm: hugetlb_fault_after_madv,2
mm/vmalloc,1
Merge branch 'mm-hotfixes-stable' into mm-stable.,1
mm/thp,2
clk-microchip-6.13,1
Merge branch '20241028060506.246606-3-quic_srichara@quicinc.com' into clk-for-6.13,1
Merge branch '20241027-sar2130p-clocks-v5-0-ecad2a1432ba@linaro.org' into clk-for-6.13,1
dt-bindings: clk,1
md,3
md/raid5-ppl,1
dt-bindings: display,13
samsung-clk-6.13,1
mlx5_en,1
kconfig,5
kconfig: qconf,18
kconfig: nconf,2
streamline_config.pl,3
drm/xe/pf,2
drm-msm-next-2024-11-04,1
qcom-clk-fixes-for-6.12,1
drm-intel-next-2024-11-04,1
dt-bindings: firmware,6
ACPI: processor_perflib,1
ACPI: scan,1
ACPI: SBSHC,1
ACPI: SBS,1
ACPI: power,1
ACPI: pci_root,1
ACPI: pci_link,1
ACPI: event,1
ACPI: APD,1
mediatek-drm-next-6.13,1
ACPI: thermal,1
scripts,1
ASoC: codecs,15
Soundwire dai link init logic refactor,1
nvme-core,1
ASoC: rt721-sdca,1
ASoC: rt722,1
"Merge patch series ""Convert ecryptfs to use folios""",1
mfd: cgbc-core,1
clk: sunxi-ng,4
drm/amdgpu/mes,1
Merge branch 'net-ethernet-ti-am65-cpsw-fixes-to-multi-queue-rx-feature',1
i2c: muxes,1
drm/ci,3
arm64: pgtable,1
Merge branch 'for-joerg/arm-smmu/bindings' into arm/smmu,1
serial: 8250,1
phy: tegra,2
drm: display,1
driver core: fw_devlink,1
nvmem: core,2
comedi,1
sysfs: bin_attribute,1
sysfs,2
sysfs: treewide,3
PCI/sysfs,1
sysfs: introduce callback attribute_group,1
ASoC: fsl_mqs,1
ASoC: bcm63xx-pcm-whistler,1
net: hns3,10
Merge branch 'net-lan969x-add-vcap-functionality',1
usb,2
arm64/ptdump,1
perf/x86/intel/pt,2
sched/ext,2
"kcsan, seqlock",2
"seqlock, treewide",1
time/sched_clock,2
locking/atomic/x86,2
drm/bridge,2
drm: of,2
media: uapi,1
arm64: setup,1
arm64/sysreg,2
Merge branch 'virtio_net-enable-premapped-mode-by-default',1
ACPICA: IORT,1
vfio,1
mm/writeback,1
clk: imx,7
renesas-pinctrl-for-v6.13-tag2,1
powerpc/modules,1
Merge 6.12-rc6 into driver-core-next,1
watchdog: rzg2l_wdt,1
watchdog: Switch back to struct platform_driver,1
watchdog: it87_wdt,2
watchdog: da9063,2
watchdog,5
watchdog: sl28cpld_wdt,1
watchdog: rza_wdt,1
watchdog: rti_wdt,1
watchdog: octeon-wdt,1
watchdog: iTCO_wdt,1
watchdog: gxp-wdt,1
watchdog: da9055_wdt,1
Merge v6.12-rc6 into usb-next,1
Merge 6.12-rc6 into char-misc-next,1
riscv: kvm,1
pinctrl: elkhartlake,1
pinctrl: intel,1
KVM: nVMX,6
char: Switch back to struct platform_driver,1
eeprom,1
dt-bindings: nvmem,3
nvmem: imx-iim,1
nvmem,2
dt-bindings: fuse,1
goldfish,1
misc: rtsx,1
greybus,1
exynos-drm-next-for-v6.13,1
Merge branch 'fix-sparse-warnings-in-dpaa_eth-driver',1
net: dpaa_eth,3
soc: fsl_qbman,1
net: ena,3
net: tcp,2
"Revert ""Merge branch 'there-are-some-bugfix-for-the-hns3-ethernet-driver'""",1
linux-can-fixes-for-6.12-20241104,1
drm-xe-next-2024-10-31,1
arm-fixes-6.12-2,1
counter: ti-ecap-capture,1
counter: stm32-timer-cnt,2
fs: iomap,1
selftests/resctrl,15
Merge branch 'icc-sar2130p' into icc-next,1
Merge branch 'icc-qcs615' into icc-next,1
Merge branch 'icc-qcs8300' into icc-next,1
interconnect,2
PM: EM,1
omap-for-v6.13/drivers-signed,1
mtk-soc-for-v6.13,1
nvme/host,1
drm-msm-next-2024-10-28,1
jump_label,1
rust: samples,1
e1000e,1
Merge branch 'handle-possible-null-trusted-raw_tp-arguments',1
Documentation/maintainer-tip,1
Docs/zh_CN,3
KEYS: trusted,1
security/keys,1
mmc-v6.12-rc3,1
Documentation: admin,1
tpmdd-next-6.12-rc7,1
can: rockchip_canfd,2
ACPI: battery,1
"can: {cc770,sja1000}_isa",1
EDAC/ie31200,1
dm-unstriped,1
linux-cpupower-6.13-rc1-update2,1
drm/xe/guc/tlb,1
thermal-v6.12-rc7,1
NFSv3,1
PCI: qcom,4
thermal/of,1
tools/lib/thermal,4
thermal/drivers/qcom/lmh,1
drm/vkms,2
Merge remote-tracking branch 'drm/drm-next' into drm-misc-next,1
drm/imx/dcss,4
imx-drivers-6.13,1
misc: lan966x_pci,2
qcom-drivers-for-6.13,1
zynqmp-soc-for-6.13,1
memory-controller-drv-6.13,1
qcom-drivers-fixes-for-6.12,1
platform/x86/amd/pmf,3
ACPI: GTDT,1
arm64/fpsimd,1
drm/bridge: it6505,1
PCI: j721e,2
drm/mediatek,9
watchdog: armada_37xx_wdt,1
watchdog: apple,2
watchdog: stm32_iwdg,1
watchdog: ziirave_wdt,1
watchdog: xilinx_wwdt,1
iTCO_wdt,1
RDMA/nldev,1
RDMA/core,3
Introduce mlx5 data direct placement (DDP),1
RDMA/rxe,2
drm/nouveau,1
drm/nouveau/disp,1
mmc: sdhci-esdhc-imx,2
mmc: sdhci-uhs2,14
platform/x86: ideapad-laptop,1
platform/x86: dell-wmi-base,1
platform/x86: dell-smbios-base,1
ALSA: firewire-lib,2
platform/x86/amd/pmc,1
Merge branch 'mx95-netc-support',1
drm/imagination,2
speakup,1
drm/i915/display,22
drm/i915/psr,3
gpio: pcie-idio-24,1
gpio: pci-idio-16,1
gpio: cdev,4
gpio: sysfs,6
drm/i915/dp,10
gpiolib,11
v6.12-rc6,1
Merge 'origin/master' into perf-tools-next,1
ARM: imx_v6_v7_defconfig,1
Backmerge v6.12-rc6 of git,1
dt-bindings: cache,4
drm/exynos: exynos7_drm_decon,4
drm/exynos,1
drm/exynos: gsc,1
phy: realtek,2
serial: 8250_dw,1
altera_jtaguart,1
altera_uart,1
driver core: auxiliary bus,1
Merge branch 'fix-resource-leak-checks-for-tail-calls',1
USB: xhci,1
USB: bcma,1
Linux 6.12-rc6,1
staging: vchiq_arm,4
staging: vchiq,1
staging: fieldbus,1
staging: rtl8712,1
staging: vme_user,1
Merge branch 'mlx5-misc-patches-2024-10-31',1
selftests/tc-testing,1
Merge branch 'net-stmmac-refactor-fpe-as-a-separate-module',1
Merge branch 'r8169-align-rtl8125-rtl8126-phy-config-with-vendor-driver',1
Merge branch 'ibm-emac-cleanup-modules-to-use-devm',1
net: ibm,17
net: xilinx,1
vrf,1
ipvlan,1
net: macb,1
ptp: fc3,1
dim,2
iio: chemical,11
iio: events,1
iio: accel,21
iio: dummy,1
iio: events.h,1
dt-bindings: vendor-prefixes,2
iio: light,23
iio: imu,10
iio: proximity,3
iio: hid-sensor-prox,1
iio: hid-sensors-prox,2
iio: hid-sensors,1
iio: Mark iio_dev,1
iio: dac,23
mm-hotfixes-stable-2024-11-03-10-50,1
phy-fixes-6.12,1
dmaengine-fix-6.12,1
pwm: core,2
net/tcp,1
Merge branch 'selftest-netconsole-enhance-selftest-to-validate-userdata-transmission',1
Merge branch 'simplify-tx-napi-logic-in-airoha_eth-driver',1
net: airoha,3
net: bnxt,1
Merge branch 'uapi-net-ethtool-avoid-thousands-of-wflex-array-member-not-at-end-warnings',1
driver-core-6.12-rc6,1
usb-6.12-rc6,1
char-misc-6.12-rc6,1
input-for-v6.12-rc5,1
kbuild-fixes-v6.12-2,1
io_[gs]etxattr_prep(),1
x86-urgent-2024-11-03,1
timers-urgent-2024-11-03,1
sched-urgent-2024-11-03,1
perf-urgent-2024-11-03,1
irq-urgent-2024-11-03,1
Merge branch 'add-noinline_for_tracing-and-apply-it-to-tcp_drop_reason',1
compiler_types,1
Merge branch 'dpll-expose-clock-quality-level',1
dpll,1
drm/msm/dpu,28
arm64: defconfig,2
PCI: tegra194,1
PCI: qcom-ep,1
deal with the last remaing boolean uses of fd_file(),1
css_set_fork(),1
memcg_write_event_control(),1
assorted variants of irqfd setup,1
do_pollfd(),1
convert do_select(),1
convert vfs_dedupe_file_range().,1
convert cifs_ioctl_copychunk(),1
convert media_request_get_by_fd(),1
convert spu_run(2),1
"switch spufs_calls_{get,put}() to CLASS() use",1
convert cachestat(2),1
convert do_preadv()/do_pwritev(),1
"fdget(), more trivial conversions",1
"fdget(), trivial conversions",1
privcmd_ioeventfd_assign(),1
o2hb_region_dev_store(),1
"introduce ""fd_pos"" class, convert fdget_pos() users to it.",1
fdget_raw() users,1
convert vmsplice() to CLASS(fd),1
simplify xfs_find_handle() a bit,1
do_mq_notify(),2
switch netlink_getsockbyfilp() to taking descriptor,1
"get rid of perf_fget_light(), convert kernel/events/core.c to CLASS(fd)",1
timerfd,1
regularize emptiness checks in fini_module(2) and vfs_dedupe_file_range(),1
net/socket.c,1
scsi: sd_zbc,1
i3c: master,13
io_uring/filetable,2
x86/vdso,11
lib: string_helpers,1
nfsd-6.12-3,1
xfs-6.12-fixes-6,1
vdso,2
powerpc/pseries/lparcfg,2
powerpc/procfs,1
x86/mm/mmap,1
MIPS: vdso,1
LoongArch: vDSO,1
ARM: vdso,1
riscv: vdso,2
arm64: vdso,2
s390/vdso,1
csky/vdso,2
arm64: allwinner,1
hwrng: drivers - Switch back to struct platform_driver,1
timekeeping,27
trace: kdb,1
lib/iov_iter,1
linux_kselftest-fixes-6.12-rc6,1
rust-fixes-6.12-3,1
pci-v6.12-fixes-2,1
drm-fixes-2024-11-02,1
cxl-fixes-6.12-rc6,1
drm/msm/mdss,1
drm/msm,8
block-6.12-20241101,1
io_uring-6.12-20241101,1
irqchip/mips-gic,6
rust: macros,3
rust: enable macros,1
"bpf, bpftool",1
acpi-6.12-rc6,1
gpio-fixes-for-v6.12-rc6,1
regmap: irq,1
drm-xe-fixes-2024-10-31,1
riscv-for-linus-6.11-rc6,1
vfs-6.12-rc6.iomap,1
x86/mm/doc,1
vfs-6.12-rc6.fixes,1
for-6.12-rc5-tag,1
bcachefs-2024-10-31,1
arm64/gcs,1
tegra-for-6.13-firmware,1
hisi-drivers-for-6.13,1
soc: Switch back to struct platform_driver,1
mfd: Switch back to struct platform_driver,1
mfd: rtc,1
qcom-arm64-fixes-for-6.12-2,1
qcom-arm64-fixes-for-6.12,1
iio: backend,2
iio: gyro,4
arm64: mops,1
spi: zynqmp-gqspi,1
spi: spi-mem,2
spi: tegra210-quad,1
ASoC: soc-core,2
ASoC: generic,1
ASoC: sh,1
ASoC: meson,1
ASoC: fsl,2
scmi-fixes-6.12-2,1
riscv-soc-fixes-for-v6.12-rc6,1
regulator: rk808,4
v6.12-rockchip-dtsfixes1,1
riscv-sophgo-dt-fixes-for-v6.12-rc1,1
imx-fixes-6.12,1
ASoC: sdw_utils,2
ASoC: sdw_utils/intel/amd,1
tracing/selftests,1
pmdomain: imx93-blk-ctrl,1
dt-bindings: dsp,1
fs/ntfs3,7
counter: intel-qep,1
thunderbolt: debugfs,7
drm-misc-next-2024-10-31,1
"mm, mmap",1
mm: shrinker,1
.mailmap,1
"vmscan,migrate",1
net: fjes,1
selftests/net,1
dql,1
fsl/fman,3
netlabel,1
ptp_pch,1
net: freescale,1
f2fs: zone,1
f2fs: multidevice,1
rtc: cmos,1
net-6.12-rc6,1
iio: gts,2
mediatek-drm-fixes-20241028,1
amd-drm-fixes-6.12-2024-10-31,1
ad7780,1
drm-misc-fixes-2024-10-31,1
drm/msm/dp,5
arm64: sysreg,3
spi: axi-spi-engine,1
sound-6.12-rc6,1
arm64: head.S,1
regmap: maple,1
mfd: mt6397,1
leds: bcm6328,1
mfd: adp5585,1
mfd: cs42l43,1
mfd: axp20x,3
"bpf, test_run",1
nvme-6.12-2024-10-31,1
"Revert ""ALSA: hda/conexant",1
leds: lp55xx,1
mfd: ipaq-micro,1
mfd: intel_soc_pmic_bxtwc,4
io_uring/rw,3
wifi: cw1200,1
wifi: brcm80211,1
wifi: wfx,1
ath-next-20241030,1
lib/iov_iter.c,1
gpio: sloppy-logic-analyzer,1
kbuild: rpm-pkg,1
gpio: dwapb,1
dt-bindings: vendor,1
initramfs,1
dt-bindings: spi,2
nf-24-10-31,1
sysctl,3
for-net-2024-10-30,1
pmdomain: ti-sci,3
Merge branch 'there-are-some-bugfix-for-the-hns3-ethernet-driver',1
netfilter: nft_payload,1
EDAC/mce_amd,1
x86/mce/apei,1
platform/x86: intel,1
clocksource/drivers/timer-tegra,1
clocksource/drivers/qcom,1
clocksource/drivers/armada-370-xp,1
clocksource/drivers/exynos_mct,1
clocksource/drivers/arm_global_timer,1
ARM: smp_twd,1
tick,1
clockevents,2
drm/panel: leadtek-ltk050h3146w,1
drm/panel: samsung-s6e88a0-ams427ap24,3
x86/MCE/AMD,1
drm/tests: hdmi,1
drm/connector: hdmi,1
drm/tests: helpers,1
perf arm-spe,5
perf ftrace latency,1
"perf, riscv",1
Squashfs,1
kprobes,3
Merge branch 'add-ethernet-dts-schema-for-qcs615-qcs8300',1
Merge branch 'bna-remove-error-checking-for-debugfs-create-apis',1
bna,2
Merge branch 'mlxsw-fixes',1
selftests: forwarding,3
mlxsw: spectrum_ipip,1
mlxsw: pci,2
mlxsw: spectrum_ptp,1
Merge branch 'net-sparx5-add-support-for-lan969x-switch-device',1
Merge branch 'refactoring-rvu-nic-driver',1
Merge branch 'mirroring-to-dsa-cpu-port',1
Merge branch 'ptp-driver-for-s390-clocks',1
powerpc64/bpf,2
samples/ftrace,1
powerpc64/ftrace,3
powerpc/module_64,1
powerpc32/ftrace,1
powerpc/kprobes,1
powerpc/trace,1
cfi,1
tests: hsr,1
mips: bmips,1
mips: asm,1
mips: sgi-ip22,1
KVM,37
perf/x86/rapl,2
x86/uaccess,1
perf-tools-fixes-for-v6.12-2-2024-10-30,1
ALSA: korg1212,1
serial: rp2,1
ntb: idt,1
intel_th: pci,1
ata: ahci,1
clk: starfive,1
rpcrdma,1
"Revert ""drm/xe/xe_guc_ads",1
vfio/qat,1
vfio/nvgrace-gpu,1
kvm/vfio,1
Merge branch 'fixes-for-bits-iterator',1
Bluetooth: hci,1
jiffies,1
Merge remote-tracking branch 'drm-misc/drm-misc-next' into msm-next,1
x86/mce,1
pmdomain: arm,1
Documentation/gpu,2
bpf: bpf_csum_diff,1
net: checksum,1
nvmet-auth,1
blk-integrity,1
sound: Switch back to struct platform_driver,1
asoc-fix-v6.12-rc5,1
RDMA/efa,3
Merge branch 'tcp-warn-once',1
ASoC: cs42l84,4
"ASoC: renesas, rsnd",1
drm: xlnx,2
drm: zynqmp_dp,7
netfilter: nf_reject_ipv6,1
netfilter,1
drm: zynqmp_kms,1
drm/i915/de,1
drm/i915/dsi,1
drm/i915/ips,1
drm/i915/power,1
drm/i915/crt,1
drm/i915/dp/hdcp,1
drm/i915/dpio,1
drm/i915/cx0,5
drm/i915/gmbus,1
mmc: sdhci,3
iommu/amd/pgtbl_v2,1
Merge branch 'core' into amd/amd-vi,1
dt-bindings: pwm,3
iommu/omap,1
RDMA,1
drm/i915/vblank,2
drm/i915/vga,1
drm/i915/tv,1
drm/i915/pps,1
drm/i915/bios,1
Merge branch 'work.fdtable' into vfs.file,1
"Revert ""cpufreq: brcmstb-avs-cpufreq",1
cgroup-for-6.12-rc5-fixes,1
sched_ext-for-6.12-rc5-fixes,1
slab-for-6.12-rc6,1
mm-hotfixes-stable-2024-10-28-21-50,1
tpmdd-next-6.12-rc6,1
wireless-2024-10-29,1
wireless-next-2024-10-25,1
drm/i915/display/dp,1
Merge branch 'devlink-minor-cleanup',1
devlink: region,1
devlink: devl_resource_register(),1
ARM: ti/omap,1
socket,1
net: qlogic,1
net: marvell,1
mlx5,2
amd-xgbe,1
ibmvnic,1
jfs,5
net: ftgmac100,2
jfs: xattr,1
iio: invensense,1
docs/bpf,1
drm/nouveau/gr/gf100,1
io_uring/splice,1
io_uring/sqpoll,1
io_uring/memmap,1
io_uring/net,5
io_uring/cancel,1
io_uring/poll,4
io_uring/msg_ring,2
io_uring/eventfd,6
wcd937x codec fixes,1
Merge branch 'net-phylink-simplify-sfp-phy-attachment',1
regmap: kunit,1
Merge branch 'mlx5e-update-features-on-config-changes',1
net/sched: sch_api,1
selftests: tc-testing,1
net/sched,1
gtp,1
mctp i2c,1
Merge branch 'ipv4-prepare-core-ipv4-files-to-future-flowi4_tos-conversion',1
ipv4: ip_tunnel,2
remoteproc: Switch back to struct platform_driver,1
remoteproc: k3-dsp,1
remoteproc: k3-r5,2
x86/amd_nb,1
x86/pvh,4
dt-bindings: arm-smmu,1
media: ati_remote,1
iommu/arm-smmu,1
iov_iter,3
amd-pstate-v6.13-2024-10-29,1
HID: core,1
drm/xe/ptl,1
drm/i915/display/xe3,1
drm/i915/xe3,1
drm/i915/xe3lpd,9
drm/i915/ptl,1
Merge branch 'ibm-emac-more-cleanups',1
Merge branch 'intel-wired-lan-driver-fixes-2024-10-21-igb-ice',1
drm/intel/pciids,1
drm/i915/pciids,1
drm/xe/display,2
platform/x86: compal-laptop,1
platform/x86: wmi,3
perf: arm_pmuv3,1
perf/dwc_pcie,3
ARM: pmuv3,1
powerpc/64,2
powerpc/boot,1
platform/x86: think-lmi,4
ftrace-v6.12-rc4,2
Merge branch 'ipv4-convert-rtm_-new-del-addr-and-more-to-per-netns-rtnl',1
s390/mm/gmap,3
s390/mm/fault,1
posix-timers: Rename k_itimer,1
s390/crypto,7
s390/pkey,6
s390/zcrypt,1
samsung-pinctrl-6.13,1
SLUB,1
"mm, slab",1
mm/kasan,1
mm: krealloc,1
drm/nouveau/tegra,1
media: nvidia,1
remoteproc,1
iommu/sysfs,1
iommu/mediatek,1
iommu/riscv,6
dt-bindings: iommu,2
amd-drm-next-6.13-2024-10-25,1
lib/iomem_copy,1
cpufreq,2
drm/i914/xe3lpd,1
mseal,1
"Revert ""selftests/mm",2
"resource,kexec",1
mm: numa_clear_kernel_node_hotplug,1
x86/traps,1
mm/pagewalk,1
usb: phy,1
selftests/watchdog-test,1
usb: storage,2
usb: acpi,1
"Revert ""usb: dwc2",1
usbip: tools,1
selftests/intel_pstate,2
peci-next-6.13-rc1,1
thunderbolt-for-v6.12-rc5,1
iio-fixes-for-6.12b,1
mei,1
sock_map,1
"Revert ""driver core",1
clk: sophgo,1
ASoC: dapm,1
usb: add support for new USB device ID 0x17EF,1
Merge branch 'bonding-returns-detailed-error-about-xdp-failures',1
Documentation: bonding,1
Merge branch 'mptcp-various-small-improvements',1
Merge branch 'net-systemport-minor-io-macros-changes',1
net: systemport,2
selftest/tcp-ao,1
Merge branch 'mptcp-sched-fix-some-lock-issues',1
selftests: mptcp,1
mptcp: init,1
net: amd8111e,1
drm/xe/xe_guc_ads,1
Merge branch 'cxl/for-6.12/printf' into cxl-for-next,1
loongarch,1
csky,1
New implementation for IO memcpy and IO memset,1
__arch_xprod64(),1
ARM: div64,1
asm-generic/div64,1
lib/math/test_div64,1
asm-generic/io.h,1
UAPI/ioctl,1
cxl/cdat,1
Documentation/printf,1
test printf,1
drm/amdgpu/smu13,2
spi-fix-v6.12-rc5,1
drm/amd/pm: Vangogh,2
iio: acpi,2
drivers: iio,1
drm/i915/xe2lpd,1
cpufreq/amd-pstate-ut,1
amd-pstate,2
dt-bindings: nfc,1
perf/marvell,1
clk: tegra,1
perf/arm_pmuv3,1
configs/debug,1
cxl,1
cxl/core/regs,1
kernel/range,1
perf vendor events arm64,1
tools subcmd,1
drm/msm/a6xx,3
perf cap,1
drm/etnaviv: etnaviv_cmdbuf.c,1
drm/etnaviv: Drop the 'struct etnaviv_iommu_global,1
drm/etnaviv,15
tools headers arm64,1
dt-bindings: sram,1
media: mantis,1
media: vb2,2
media: v4l2-core,2
media: cx231xx,1
drm/bridge: tc358767,2
x86/mce/intel,1
x86/mce/mcelog,1
pinctrl: aspeed-g6,1
pinctrl: spacemit,2
x86/cpufeatures,3
docs: tmpfs,1
unicode,2
fs/writeback,1
ASoC: soc-devres,1
ASoC: cs42l51,1
drm/xe/hdcp,1
autofs,1
mmc: bcm2835,2
mmc: sdhci-pci-gli,4
cpufreq: Switch back to struct platform_driver,1
bareudp,1
riscv: KVM,1
riscv: perf,1
firewire: ohci,1
dt-bindings: crypto,1
platform/chrome: Switch back to struct platform_driver,1
RDMA/ipoib,1
media: samples,1
staging: media,1
media: common,1
media: rtl2832_sdr,1
media: video-i2c,1
media: usb,1
media: pci,1
media: test-drivers,1
drm/omap,1
media: vivid,1
kbuild: rust,1
Linux 6.12-rc5,1
pinctrl: samsung,1
soc: samsung,1
dt-bindings: hwinfo,1
x86_urgent_for_v6.12_rc5,1
platform-drivers-x86-v6.12-3,1
firewire-fixes-6.12-rc5,1
block-6.12-20241026,1
xfs-6.12-fixes-5,1
irqchip/gic-v4,1
drm/msm/gpu,1
dt-bindings: display/msm/gmu,1
genirq/irqdesc,1
genirq/msi,1
firewire: core,1
tools: arm64,1
nvme: core,1
Merge branch 'for-v6.13/clk-dt-bindings' into next/dt64,1
clk: samsung,3
Merge branch 'for-v6.13/clk-dt-bindings' into next/clk,1
sched: psi,1
sched/uclamp,1
9p-for-6.12-rc5,1
scx,2
cxl/test,1
cxl/port,4
cxl/acpi,1
wifi: ath12k,12
x86/amd,1
v6.12-rc4-smb3-client-fixes,1
fuse-fixes-6.12-rc5,1
nfsd-6.12-2,1
acpi-6.12-rc5,1
pm-6.12-rc5,1
firmware: ti_sci,5
pci-v6.12-fixes-1,1
fbdev-for-6.12-rc5,1
time,2
gpio-fixes-for-v6.12-rc5,1
ata-6.12-rc5,1
Merge branch 'kvm-no-struct-page' into HEAD,1
sound-6.12-rc5,1
drm-fixes-2024-10-25,1
accel/qaic,1
KVM: MIPS,4
KVM: LoongArch,4
KVM: RISC-V,3
KVM: guest_memfd,2
KVM: pfncache,1
cxl/events,1
x86/microcode/intel,1
"bpf, arm64",2
mac80211,2
"Revert ""wifi: iwlwifi",1
Merge branch 'pm-powercap',1
PM: QoS,1
Merge branches 'acpi-resource' and 'acpi-button',1
virtiofs,2
dt-bindings: mmc,5
platform/x86: eeepc-laptop,1
s390/netiucv,1
s390/vmur,1
s390/sclp_cpi,1
s390/sclp_ocf,1
s390/vmlogrdr,1
s390/tape,1
s390/dcssblk,1
s390/cio/scm,1
s390/cio/css,1
s390/cio/ccwgroup,1
s390/cio/cmf,1
s390/cio/device,1
s390/cio/chp,1
scsi: zfcp,1
s390/nospec,1
s390/perf_event,1
s390/kdump,1
soc: ti,2
Merge commit 'bf40167d54d5' into fixes,1
riscv: efi,1
RISC-V: ACPI,1
ASoC: rt1320,1
regulator: rtq2208,1
wireless-2024-10-21,1
pwm: imx27,2
pwm: axi-pwmgen,3
pwm/duty_offset-for-6.13-rc1,1
pwm: atmel-tcb,1
pwm: imx-tpm,1
renesas-r9a08g045-dt-binding-defs-tag2,1
peci: npcm,1
mfd: twl-core,1
pinctrl: renesas,1
ata: libata-scsi,6
cleanup,3
locking/osq_lock,1
power: sequencing,2
drm/meson,3
drm-xe-fixes-2024-10-24-1,1
"fgraph: Change the name of cpuhp state to ""fgraph",1
drm-misc-fixes-2024-10-24,1
net-6.12-rc5,1
hid-for-linus-20241024,1
firmware/psci,1
Documentation/gpu/amdgpu,1
amdgpu,1
drm-intel-fixes-2024-10-24,1
media: xilinx-tpg,1
gpu: drm,1
"Revert ""fs/9p",3
"Revert "" fs/9p",1
amd-drm-fixes-6.12-2024-10-23,1
loongarch-fixes-6.12-1,1
"Merge patch series ""riscv",1
riscv: hwprobe,1
riscv: selftests,1
"Merge patch series ""Prevent dynamic relocations in vDSO""",1
cxl/core,1
locking/rtmutex,1
probes-fixes-v6.12-rc4.2,1
for-6.12-rc4-tag,1
drm-intel-gt-next-2024-10-23,1
jfs-6.12-rc5,1
drm/bridge: dw-hdmi,1
drm/bridge: aux,1
drm/bridge: display-connector,1
drm/atomic,1
drm/display: bridge_connector,1
bcachefs-2024-10-22,1
"Revert ""9p",1
drm/xe/guc/ct,1
Merge branch 'share-user-memory-to-bpf-program-through-task-storage-map',1
arm64: tegra,4
Merge branch 'add-the-missing-bpf_link_type-invocation-for-sockmap',1
drm/tegra,1
"Revert ""firmware: tegra",1
rust: types,1
ACPI: pfr_telemetry,1
ACPI: PRM,2
thermal: core,33
selftests: tls,1
Merge branch 'phonet-convert-all-doit-and-dumpit-to-rcu',1
thermal/lib,1
tools arch x86,1
thermal: thresholds,1
tools/thermal/thermal-engine,1
thermal: netlink,1
ASoC: rt-sdw-common,1
ASoC: sun4i-codec,3
pidfd,1
afs,1
perf/cxlpmu,1
perf: imx_perf,1
dt-bindings: perf,1
Merge branch 'net-dsa-mv88e6xxx-fix-mv88e6393x-phc-frequency-on-internal-clock',1
hv_netvsc,1
for-net-2024-10-23,1
reset: mchp,4
misc,1
locking/rt,4
genirq/devres,1
ata: libata,1
ipsec-2024-10-22,1
gpio: mb86s7x,1
asoc-fix-v6.12-rc4,1
Merge branch 'fix-libbpf-s-bpf_object-and-bpf-subskel-interoperability',1
perf python,1
Documentation PCI,1
Merge branch 'fix-wmaybe-uninitialized-warnings-errors',1
resolve_btfids,1
spi: spi-fsl-dspi,1
selftest: rtc,1
clk: imx93,1
cgroup/freezer,2
drm/xe/oa/uapi,1
"EDAC/{skx_common,i10nm}",1
EDAC/skx_common,1
selftests/sched_ext,1
uprobe,3
drm/i915/pfit,7
drm/i915/panel,1
firmware: arm_sdei,1
"Revert ""kasan",1
EDAC/fsl_ddr,4
dt-bindings: memory,1
debugfs,1
wifi: mac80211_hwsim,1
tools headers UAPI,1
perf trace augmented_raw_syscalls,2
Merge branch 'net-pcs-xpcs-yet-more-cleanups',1
net: pcs,7
posix-clock: posix-clock,1
drm/i915/active,1
ASoC: soc-pcm,2
ASoC: soc-topology,1
ASoC: soc-compress,1
ASoC: samsung,1
ASoC: sof,1
regulator: doc,2
pinmux,1
pinctrl: imx-scmi,1
net/sched: act_api,2
virt: arm-cca-guest,1
efi: arm64,1
arm64: rsi,3
arm64: realm,1
Merge branch 'net-sysctl-allow-dump_cpumask-to-handle-higher-numbers-of-cpus',1
net: sysctl,3
tracing/probes,1
book3s64/hash,10
book3s64/radix,1
um: vdso,1
um: hostaudio,2
netdevsim: macsec,1
slub/kunit,1
powerpc/mm/fault,1
drm/panel: s6e3ha8,1
sumversion,1
microblaze,1
kfifo,1
dmaengine: loongson2-apb,1
ASoC: uniphier,1
net: mv643xx,1
Merge branch '20241011-sa8775p-mm-v4-resend-patches-v5-0-4a9f17dc683a@quicinc.com' into arm64-for-6.13,1
Merge branch '20241011-sa8775p-mm-v4-resend-patches-v5-0-4a9f17dc683a@quicinc.com' into clk-for-6.13,1
"Revert ""drm/amdkfd",1
drm/amdgpu/gfx9,1
"Revert ""drm/amdgpu/gfx9",1
drm/amdgpu/discovery,1
Merge branch 'Retire test_sock.c',1
spi: geni-qcom,1
seccomp,1
samples/landlock,3
Documentation: ABI,1
RAS/AMD/ATL,1
"perf record: Just use ""cycles",1
ASoC: fsl_micfil,1
EDAC/bluefield,1
selftests: livepatch,3
PCI: cpqphp,5
Merge branch 'for-6.13/block-atomic' into for-6.13/block,1
clk: imx95-blk-ctl,1
"Revert ""blk-throttle",1
block: sed-opal,1
Documentation: ublk,1
mmc: block,1
docs: block,1
ASoC: tegra,1
virtchnl,1
rust: miscdevice,1
Merge branch 'net-netconsole-refactoring-and-warning-fix',1
drm/imx: legacy-bridge,1
drm/imx: parallel-display,1
drm/mediatek: ovl,4
dt-bindings: pinctrl ,1
drm/i915/gvt,1
KMSAN,1
Merge branch 'selftests-net-introduce-deferred-commands',1
selftests: ETS,1
selftests: TBF,1
selftests: RED,1
pmdomain: mediatek,1
mlxsw: spectrum_router,1
arm64: preserve pt_regs,1
arm64/crc32,2
arm64/lib,1
nf-24-10-21,1
drm/i915/ddi,1
dt-bindings: interconnect,4
interconnect: qcom,6
drm/i915/gt,1
interconnect: Switch back to struct platform_driver,1
media: renesas,1
media: rzg2l-cru,22
acl,2
epoll,2
coredump,1
mm/page-writeback.c,2
fs/inode,1
fcntl,1
namespace,1
Merge branch 'rtnetlink-refactor-rtnl_-new-del-set-link-for-per-netns-rtnl',1
platform/x86/intel/pmc,3
platform/surface: aggregator_registry,1
platform/x86: intel_scu_ipc,5
platform/x86: dell-dcdbase,1
gpio: xgene-sb,4
eeprom: at24,1
dt-bindings: at24,1
perf tools: sched-pipe bench,1
riscv: sophgo,1
ARM: imx,1
9p,1
cpupower,1
x86/lam,1
Merge branch 'implement-mechanism-to-signal-other-threads',1
Realtek SPI-NAND controller,1
PCI/TPH,1
Merge branch 'selftests/bpf,1
cgroup/bpf,1
"Revert ""cgroup",1
phy: qcom,1
rust: kernel,1
rust: page,1
phy: lan969x-serdes,1
phy: sparx5-serdes,7
phy: bcm-ns-usb2,1
Documentation: iio,1
iio: addac,3
iio: pressure,3
probes-fixes-v6.12-rc4,1
phy: freescale,1
vfs-6.12-rc5.fixes,1
dt-bindings: dma,4
dmaengine,1
dmaengine: stm32-dma3,4
dmaengine: idxd,1
v6.12-p4,1
RDMA/cxgb4,1
rust: exports,1
Add Yanteng Si to .mailmap,1
x86/platform: Switch back to struct platform_driver,1
sched_getattr,1
uaccess,1
spi: mtk-snfi,1
platform/x86: dell-wmi,1
reiserfs,1
platform/x86:intel/pmc,1
soc: mediatek,5
power: Switch back to struct platform_driver,1
irqchip/gic-v3-its,1
ASoC: soc-utils,1
drm/bridge: sii902x,1
drm/bridge: ite-it66121,1
"Merge patch series ""fs/super.c",1
fs/super.c,1
ACPI: button,1
ASoC: rt722-sdca,1
Merge branch 'net-mlx5-refactor-esw-qos-to-support-generalized-operations',1
powercap: dtpm_devfreq,1
cpufreq: docs,1
drm/msm: mdss,1
dt-bindings: display/msm,7
drm/msm8998,1
platform/x86: classmate-laptop,1
mtd: Switch back to struct platform_driver,1
mtd: cfi_cmdset_0002,1
mtd: spinand,5
netfilter: xtables,1
Merge branch 'add-support-of-hibmcge-ethernet-driver',1
net: hibmcge,10
mtd: nand,2
mtd: hyperbus,1
fbdev: wm8505fb,1
Merge branch 'fsl-fman-fix-refcount-handling-of-fman-related-devices',1
net: sfp,1
"Revert ""fuse",1
drm/fbdev-dma,1
gpio: max730x,1
gpio: ftgpio010,1
gpio: 74x164,1
Merge 6.12-rc4 into usb-next,1
Merge 6.12-rc4 into tty-next,1
i915,1
Merge 6.12-rc4 into char-misc-next,1
v6.12-rc4,1
Linux 6.12-rc4,1
for-net-2024-10-16,1
pinctrl-v6.12-2,1
Merge branch 'msm-fixes' into msm-next,1
char-misc-6.12-rc4,1
tty-6.12-rc4,1
usb-6.12-rc4,1
x86_urgent_for_v6.12_rc4,1
irq_urgent_for_v6.12_rc4,1
sched_urgent_for_v6.12_rc4,1
for-linus-6.12a-rc4-tag,1
dma-mapping-6.12-2024-10-20,1
"Revert ""arm64: dts",1
kvmarm-fixes-6.12-3,1
kvmarm-fixes-6.12-2,1
RISCV: KVM,1
eth,1
drm/panic: avoid reimplementing Iterator,1
KVM: nSVM,1
x86/kvm,1
drm: panel,1
getname_maybe_null() - the third variant of pathname copy-in,1
"teach filename_lookup() to treat NULL filename as """"",1
io_uring-6.12-20241019,1
fs/block,1
block/fs,1
octeon_ep,2
net: plip,1
be2net,1
net/sun3_82586,1
net: pse-pd,1
modules,2
ftrace-v6.12-rc3,1
ipe-pr-20241018,1
renesas-pinctrl-for-v6.13-tag1,1
input-for-v6.12-rc3,1
perf vendor events amd,3
9p-for-6.12-rc4,1
rust-fixes-6.12-2,1
drm/fsl-dcu,2
drm/panel: simple,1
drm: fsl-dcu,2
drm/sprd,1
drm/panel: ili9322,1
drm/mediatek: dp,1
drm/bridge: dpc3433,1
iio: gts-helper,2
staging: vchiq_dev,1
iio-for-6.13a-take2,1
dt-bindings: imx-rng,1
crypto: drivers - Switch back to struct platform_driver,1
PCI: cpcihp,1
